patch_id,status,model_b_max_prob,model_b_mean_prob,argmax_row,argmax_col,candidate_cell_count,passed_gate,threshold,candidate_threshold,invalid_values_before_cleaning,message
ab_coarse_000001,completed,0.00033959,0.00000074,16,16,0,0,0.300000,0.300000,0,
ab_coarse_000002,completed,0.00000108,0.00000001,16,16,0,0,0.300000,0.300000,0,
ab_coarse_000003,completed,0.00225695,0.00000434,16,16,0,0,0.300000,0.300000,0,
ab_coarse_000004,completed,0.00800366,0.00001077,16,16,0,0,0.300000,0.300000,0,
ab_coarse_000005,completed,0.00043517,0.00000087,16,16,0,0,0.300000,0.300000,0,
ab_coarse_000006,completed,0.00024546,0.00000054,16,16,0,0,0.300000,0.300000,0,
ab_coarse_000007,completed,0.00006480,0.00000014,16,16,0,0,0.300000,0.300000,0,
ab_coarse_000008,completed,0.00003960,0.00000018,16,16,0,0,0.300000,0.300000,0,
ab_coarse_000009,completed,0.00003542,0.00000015,16,16,0,0,0.300000,0.300000,0,
ab_coarse_000010,completed,0.00000070,0.00000000,14,16,0,0,0.300000,0.300000,0,
ab_coarse_000011,completed,0.00000049,0.00000000,14,16,0,0,0.300000,0.300000,0,
ab_coarse_000012,completed,0.00000177,0.00000000,14,16,0,0,0.300000,0.300000,0,
ab_coarse_000013,completed,0.00000223,0.00000001,14,16,0,0,0.300000,0.300000,0,
ab_coarse_000014,completed,0.00027743,0.00000052,16,16,0,0,0.300000,0.300000,0,
ab_coarse_000015,completed,0.00017941,0.00000044,16,16,0,0,0.300000,0.300000,0,
ab_coarse_000016,completed,0.92905563,0.00170016,16,16,1,1,0.300000,0.300000,0,
ab_coarse_000017,completed,0.00001909,0.00000004,14,16,0,0,0.300000,0.300000,0,
ab_coarse_000018,completed,0.00000041,0.00000000,14,16,0,0,0.300000,0.300000,0,
ab_coarse_000019,completed,0.00000113,0.00000001,14,16,0,0,0.300000,0.300000,0,
ab_coarse_000020,completed,0.00000171,0.00000000,14,16,0,0,0.300000,0.300000,0,
ab_coarse_000021,completed,0.00000026,0.00000000,14,16,0,0,0.300000,0.300000,0,
ab_coarse_000022,completed,0.00000028,0.00000000,14,16,0,0,0.300000,0.300000,0,
ab_coarse_000023,completed,0.00000029,0.00000000,14,16,0,0,0.300000,0.300000,0,
ab_coarse_000024,completed,0.00000180,0.00000001,14,16,0,0,0.300000,0.300000,0,
ab_coarse_000025,completed,0.00000870,0.00000009,16,16,0,0,0.300000,0.300000,0,
ab_coarse_000026,completed,0.02207926,0.00003675,16,16,0,0,0.300000,0.300000,0,
ab_coarse_000027,completed,0.84596419,0.00314272,16,16,4,1,0.300000,0.300000,0,
ab_coarse_000028,completed,0.00000032,0.00000000,14,16,0,0,0.300000,0.300000,0,
ab_coarse_000029,completed,0.00000012,0.00000000,14,16,0,0,0.300000,0.300000,0,
ab_coarse_000030,completed,0.00000068,0.00000000,14,16,0,0,0.300000,0.300000,0,
ab_coarse_000031,completed,0.00000146,0.00000000,14,16,0,0,0.300000,0.300000,0,
ab_coarse_000032,completed,0.00000024,0.00000000,14,16,0,0,0.300000,0.300000,0,
ab_coarse_000033,completed,0.00000021,0.00000000,14,16,0,0,0.300000,0.300000,0,
ab_coarse_000034,completed,0.00000033,0.00000000,14,16,0,0,0.300000,0.300000,0,
ab_coarse_000035,completed,0.00000053,0.00000000,14,16,0,0,0.300000,0.300000,0,
ab_coarse_000036,completed,0.00000164,0.00000001,14,16,0,0,0.300000,0.300000,0,
ab_coarse_000037,completed,0.97793519,0.00154032,16,16,1,1,0.300000,0.300000,0,
ab_coarse_000038,completed,0.83202469,0.00303157,16,16,4,1,0.300000,0.300000,0,
ab_coarse_000039,completed,0.00000469,0.00000002,14,16,0,0,0.300000,0.300000,0,
ab_coarse_000040,completed,0.00000147,0.00000001,14,16,0,0,0.300000,0.300000,0,
ab_coarse_000041,completed,0.00000088,0.00000000,14,16,0,0,0.300000,0.300000,0,
ab_coarse_000042,completed,0.00000022,0.00000000,14,16,0,0,0.300000,0.300000,0,
ab_coarse_000043,completed,0.00000021,0.00000000,14,16,0,0,0.300000,0.300000,0,
ab_coarse_000044,completed,0.00000149,0.00000001,14,16,0,0,0.300000,0.300000,0,
ab_coarse_000045,completed,0.00000026,0.00000000,14,16,0,0,0.300000,0.300000,0,
ab_coarse_000046,completed,0.00000177,0.00000001,14,16,0,0,0.300000,0.300000,0,
ab_coarse_000047,completed,0.00000039,0.00000000,14,16,0,0,0.300000,0.300000,0,
ab_coarse_000048,completed,0.00045936,0.00000096,16,16,0,0,0.300000,0.300000,0,
ab_coarse_000049,completed,0.05422007,0.00005376,16,16,0,0,0.300000,0.300000,0,
ab_coarse_000050,completed,0.99176943,0.00164028,16,16,1,1,0.300000,0.300000,0,
ab_coarse_000051,completed,0.67551363,0.00079842,16,16,1,1,0.300000,0.300000,0,
ab_coarse_000052,completed,0.00000082,0.00000000,14,16,0,0,0.300000,0.300000,0,
ab_coarse_000053,completed,0.00000041,0.00000000,14,16,0,0,0.300000,0.300000,0,
ab_coarse_000054,completed,0.00000018,0.00000000,14,16,0,0,0.300000,0.300000,0,
ab_coarse_000055,completed,0.00000039,0.00000000,14,16,0,0,0.300000,0.300000,0,
ab_coarse_000056,completed,0.00000015,0.00000000,14,16,0,0,0.300000,0.300000,0,
ab_coarse_000057,completed,0.00000029,0.00000000,14,16,0,0,0.300000,0.300000,0,
ab_coarse_000058,completed,0.00000091,0.00000000,14,16,0,0,0.300000,0.300000,0,
ab_coarse_000059,completed,0.02807383,0.00003315,16,16,0,0,0.300000,0.300000,0,
ab_coarse_000060,completed,0.00065583,0.00000112,16,16,0,0,0.300000,0.300000,0,
ab_coarse_000061,completed,0.00207715,0.00000389,16,16,0,0,0.300000,0.300000,0,
ab_coarse_000062,completed,0.99059337,0.00106698,16,16,1,1,0.300000,0.300000,0,
ab_coarse_000063,completed,0.00029657,0.00000145,16,16,0,0,0.300000,0.300000,0,
ab_coarse_000064,completed,0.00000062,0.00000000,14,16,0,0,0.300000,0.300000,0,
ab_coarse_000065,completed,0.00000022,0.00000000,14,16,0,0,0.300000,0.300000,0,
ab_coarse_000066,completed,0.00000026,0.00000000,14,16,0,0,0.300000,0.300000,0,
ab_coarse_000067,completed,0.00000062,0.00000000,14,16,0,0,0.300000,0.300000,0,
ab_coarse_000068,completed,0.00000057,0.00000000,18,16,0,0,0.300000,0.300000,0,
ab_coarse_000069,completed,0.00000216,0.00000001,14,16,0,0,0.300000,0.300000,0,
ab_coarse_000070,completed,0.00000080,0.00000000,14,16,0,0,0.300000,0.300000,0,
ab_coarse_000071,completed,0.05584192,0.00006532,16,16,0,0,0.300000,0.300000,0,
ab_coarse_000072,completed,0.02383769,0.00002860,16,16,0,0,0.300000,0.300000,0,
ab_coarse_000073,completed,0.00163613,0.00000347,16,16,0,0,0.300000,0.300000,0,
ab_coarse_000074,completed,0.96178985,0.00134646,16,16,1,1,0.300000,0.300000,0,
ab_coarse_000075,completed,0.00000229,0.00000001,14,16,0,0,0.300000,0.300000,0,
ab_coarse_000076,completed,0.00000077,0.00000000,14,16,0,0,0.300000,0.300000,0,
ab_coarse_000077,completed,0.00000025,0.00000000,14,16,0,0,0.300000,0.300000,0,
ab_coarse_000078,completed,0.00000016,0.00000000,14,16,0,0,0.300000,0.300000,0,
ab_coarse_000079,completed,0.00000170,0.00000000,14,16,0,0,0.300000,0.300000,0,
ab_coarse_000080,completed,0.00000147,0.00000000,14,16,0,0,0.300000,0.300000,0,
ab_coarse_000081,completed,0.00000045,0.00000000,14,16,0,0,0.300000,0.300000,0,
ab_coarse_000082,completed,0.00782779,0.00001040,16,16,0,0,0.300000,0.300000,0,
ab_coarse_000083,completed,0.00000068,0.00000000,14,16,0,0,0.300000,0.300000,0,
ab_coarse_000084,completed,0.00004416,0.00000011,16,16,0,0,0.300000,0.300000,0,
ab_coarse_000085,completed,0.66006309,0.00065908,16,16,1,1,0.300000,0.300000,0,
ab_coarse_000086,completed,0.95784003,0.00136009,16,16,1,1,0.300000,0.300000,0,
ab_coarse_000087,completed,0.00001198,0.00000015,14,16,0,0,0.300000,0.300000,0,
ab_coarse_000088,completed,0.00000089,0.00000000,14,16,0,0,0.300000,0.300000,0,
ab_coarse_000089,completed,0.00000043,0.00000000,14,16,0,0,0.300000,0.300000,0,
ab_coarse_000090,completed,0.00000021,0.00000000,14,16,0,0,0.300000,0.300000,0,
ab_coarse_000091,completed,0.00000026,0.00000000,14,16,0,0,0.300000,0.300000,0,
ab_coarse_000092,completed,0.00000032,0.00000000,14,16,0,0,0.300000,0.300000,0,
ab_coarse_000093,completed,0.00000053,0.00000000,14,16,0,0,0.300000,0.300000,0,
ab_coarse_000094,completed,0.00000046,0.00000000,14,16,0,0,0.300000,0.300000,0,
ab_coarse_000095,completed,0.00000116,0.00000001,14,16,0,0,0.300000,0.300000,0,
ab_coarse_000096,completed,0.00000045,0.00000000,14,16,0,0,0.300000,0.300000,0,
ab_coarse_000097,completed,0.00037973,0.00000085,16,16,0,0,0.300000,0.300000,0,
ab_coarse_000098,completed,0.00538393,0.00000702,16,16,0,0,0.300000,0.300000,0,
ab_coarse_000099,completed,0.69156015,0.00071514,16,16,1,1,0.300000,0.300000,0,
ab_coarse_000100,completed,0.76182854,0.00092562,16,16,1,1,0.300000,0.300000,0,
ab_coarse_000101,completed,0.00000332,0.00000003,14,16,0,0,0.300000,0.300000,0,
ab_coarse_000102,completed,0.00000003,0.00000000,18,20,0,0,0.300000,0.300000,0,
ab_coarse_000103,completed,0.00000068,0.00000000,14,16,0,0,0.300000,0.300000,0,
ab_coarse_000104,completed,0.00000056,0.00000000,14,16,0,0,0.300000,0.300000,0,
ab_coarse_000105,completed,0.00000001,0.00000000,13,16,0,0,0.300000,0.300000,0,
ab_coarse_000106,completed,0.00000035,0.00000000,14,16,0,0,0.300000,0.300000,0,
ab_coarse_000107,completed,0.00000049,0.00000000,14,16,0,0,0.300000,0.300000,0,
ab_coarse_000108,completed,0.00000210,0.00000001,14,16,0,0,0.300000,0.300000,0,
ab_coarse_000109,completed,0.00000156,0.00000001,14,16,0,0,0.300000,0.300000,0,
ab_coarse_000110,completed,0.00001889,0.00000006,14,16,0,0,0.300000,0.300000,0,
ab_coarse_000111,completed,0.00060285,0.00000107,16,16,0,0,0.300000,0.300000,0,
ab_coarse_000112,completed,0.02110443,0.00002308,16,16,0,0,0.300000,0.300000,0,
ab_coarse_000113,completed,0.79424840,0.00121229,16,16,1,1,0.300000,0.300000,0,
ab_coarse_000114,completed,0.98579651,0.00160962,16,16,1,1,0.300000,0.300000,0,
ab_coarse_000115,completed,0.00000269,0.00000001,14,16,0,0,0.300000,0.300000,0,
ab_coarse_000116,completed,0.00000259,0.00000002,17,19,0,0,0.300000,0.300000,0,
ab_coarse_000117,completed,0.00000029,0.00000000,14,16,0,0,0.300000,0.300000,0,
ab_coarse_000118,completed,0.00000024,0.00000000,14,16,0,0,0.300000,0.300000,0,
ab_coarse_000119,completed,0.00000020,0.00000000,14,16,0,0,0.300000,0.300000,0,
ab_coarse_000120,completed,0.00000018,0.00000000,14,16,0,0,0.300000,0.300000,0,
ab_coarse_000121,completed,0.00000083,0.00000000,14,16,0,0,0.300000,0.300000,0,
ab_coarse_000122,completed,0.00000171,0.00000001,18,16,0,0,0.300000,0.300000,0,
ab_coarse_000123,completed,0.00000105,0.00000000,14,16,0,0,0.300000,0.300000,0,
ab_coarse_000124,completed,0.00020950,0.00000040,16,16,0,0,0.300000,0.300000,0,
ab_coarse_000125,completed,0.01638656,0.00001846,16,16,0,0,0.300000,0.300000,0,
ab_coarse_000126,completed,0.00012023,0.00000032,16,16,0,0,0.300000,0.300000,0,
ab_coarse_000127,completed,0.28815240,0.00031216,16,16,0,0,0.300000,0.300000,0,
ab_coarse_000128,completed,0.00680433,0.00000997,16,16,0,0,0.300000,0.300000,0,
ab_coarse_000129,completed,0.99680233,0.00103628,16,16,1,1,0.300000,0.300000,0,
ab_coarse_000130,completed,0.99773598,0.00123883,16,16,1,1,0.300000,0.300000,0,
ab_coarse_000131,completed,0.00000199,0.00000001,14,16,0,0,0.300000,0.300000,0,
ab_coarse_000132,completed,0.00000068,0.00000000,14,16,0,0,0.300000,0.300000,0,
ab_coarse_000133,completed,0.00000034,0.00000000,14,16,0,0,0.300000,0.300000,0,
ab_coarse_000134,completed,0.00000031,0.00000000,14,16,0,0,0.300000,0.300000,0,
ab_coarse_000135,completed,0.00000210,0.00000000,14,16,0,0,0.300000,0.300000,0,
ab_coarse_000136,completed,0.00000076,0.00000000,14,16,0,0,0.300000,0.300000,0,
ab_coarse_000137,completed,0.00000050,0.00000000,14,16,0,0,0.300000,0.300000,0,
ab_coarse_000138,completed,0.00000037,0.00000000,14,16,0,0,0.300000,0.300000,0,
ab_coarse_000139,completed,0.00000832,0.00000003,16,16,0,0,0.300000,0.300000,0,
ab_coarse_000140,completed,0.00218707,0.00000387,16,16,0,0,0.300000,0.300000,0,
ab_coarse_000141,completed,0.00081629,0.00000197,16,16,0,0,0.300000,0.300000,0,
ab_coarse_000142,completed,0.05060311,0.00005685,16,16,0,0,0.300000,0.300000,0,
ab_coarse_000143,completed,0.53484827,0.00052803,16,16,1,1,0.300000,0.300000,0,
ab_coarse_000144,completed,0.94889867,0.00133476,16,16,1,1,0.300000,0.300000,0,
ab_coarse_000145,completed,0.99977362,0.00099313,16,16,1,1,0.300000,0.300000,0,
ab_coarse_000146,completed,0.99279964,0.00249870,16,16,3,1,0.300000,0.300000,0,
ab_coarse_000147,completed,0.00000188,0.00000001,14,16,0,0,0.300000,0.300000,0,
ab_coarse_000148,completed,0.00000295,0.00000001,14,16,0,0,0.300000,0.300000,0,
ab_coarse_000149,completed,0.00000026,0.00000000,14,16,0,0,0.300000,0.300000,0,
ab_coarse_000150,completed,0.00000015,0.00000000,14,16,0,0,0.300000,0.300000,0,
ab_coarse_000151,completed,0.00000021,0.00000000,14,16,0,0,0.300000,0.300000,0,
ab_coarse_000152,completed,0.00000089,0.00000000,14,16,0,0,0.300000,0.300000,0,
ab_coarse_000153,completed,0.00000098,0.00000001,14,16,0,0,0.300000,0.300000,0,
ab_coarse_000154,completed,0.00083998,0.00000147,16,16,0,0,0.300000,0.300000,0,
ab_coarse_000155,completed,0.00621004,0.00000792,16,16,0,0,0.300000,0.300000,0,
ab_coarse_000156,completed,0.00037768,0.00000088,16,16,0,0,0.300000,0.300000,0,
ab_coarse_000157,completed,0.00014489,0.00000036,16,16,0,0,0.300000,0.300000,0,
ab_coarse_000158,completed,0.02297205,0.00002378,16,16,0,0,0.300000,0.300000,0,
ab_coarse_000159,completed,0.00529487,0.00000915,16,16,0,0,0.300000,0.300000,0,
ab_coarse_000160,completed,0.00665694,0.00001273,16,16,0,0,0.300000,0.300000,0,
ab_coarse_000161,completed,0.99473804,0.00109871,16,16,1,1,0.300000,0.300000,0,
ab_coarse_000162,completed,0.99995136,0.00099533,16,16,1,1,0.300000,0.300000,0,
ab_coarse_000163,completed,0.99371129,0.00194044,16,16,1,1,0.300000,0.300000,0,
ab_coarse_000164,completed,0.01075694,0.00005599,16,16,0,0,0.300000,0.300000,0,
ab_coarse_000165,completed,0.00000058,0.00000000,14,16,0,0,0.300000,0.300000,0,
ab_coarse_000166,completed,0.00000023,0.00000000,14,16,0,0,0.300000,0.300000,0,
ab_coarse_000167,completed,0.00000136,0.00000000,14,16,0,0,0.300000,0.300000,0,
ab_coarse_000168,completed,0.00000013,0.00000000,14,16,0,0,0.300000,0.300000,0,
ab_coarse_000169,completed,0.00000041,0.00000000,14,16,0,0,0.300000,0.300000,0,
ab_coarse_000170,completed,0.00000425,0.00000002,16,16,0,0,0.300000,0.300000,0,
ab_coarse_000171,completed,0.00000557,0.00000003,16,16,0,0,0.300000,0.300000,0,
ab_coarse_000172,completed,0.00001154,0.00000005,16,16,0,0,0.300000,0.300000,0,
ab_coarse_000173,completed,0.00052820,0.00000107,16,16,0,0,0.300000,0.300000,0,
ab_coarse_000174,completed,0.00023306,0.00000058,16,16,0,0,0.300000,0.300000,0,
ab_coarse_000175,completed,0.98677862,0.00116072,16,16,1,1,0.300000,0.300000,0,
ab_coarse_000176,completed,0.99299991,0.00116989,16,16,1,1,0.300000,0.300000,0,
ab_coarse_000177,completed,0.97169453,0.00104065,16,16,1,1,0.300000,0.300000,0,
ab_coarse_000178,completed,0.98996598,0.00123521,16,16,1,1,0.300000,0.300000,0,
ab_coarse_000179,completed,0.99963474,0.00098796,16,16,1,1,0.300000,0.300000,0,
ab_coarse_000180,completed,0.99807823,0.00118308,16,16,1,1,0.300000,0.300000,0,
ab_coarse_000181,completed,0.99714071,0.00123423,16,16,1,1,0.300000,0.300000,0,
ab_coarse_000182,completed,0.00000132,0.00000000,14,16,0,0,0.300000,0.300000,0,
ab_coarse_000183,completed,0.00000081,0.00000000,14,16,0,0,0.300000,0.300000,0,
ab_coarse_000184,completed,0.00000094,0.00000000,14,16,0,0,0.300000,0.300000,0,
ab_coarse_000185,completed,0.00000020,0.00000000,14,16,0,0,0.300000,0.300000,0,
ab_coarse_000186,completed,0.00000024,0.00000000,14,16,0,0,0.300000,0.300000,0,
ab_coarse_000187,completed,0.00000093,0.00000000,14,16,0,0,0.300000,0.300000,0,
ab_coarse_000188,completed,0.00000464,0.00000003,16,16,0,0,0.300000,0.300000,0,
ab_coarse_000189,completed,0.00002426,0.00000008,16,16,0,0,0.300000,0.300000,0,
ab_coarse_000190,completed,0.00942831,0.00001143,16,16,0,0,0.300000,0.300000,0,
ab_coarse_000191,completed,0.00007176,0.00000020,16,16,0,0,0.300000,0.300000,0,
ab_coarse_000192,completed,0.07375827,0.00009574,16,16,0,0,0.300000,0.300000,0,
ab_coarse_000193,completed,0.00370623,0.00000772,16,16,0,0,0.300000,0.300000,0,
ab_coarse_000194,completed,0.00262839,0.00000604,16,16,0,0,0.300000,0.300000,0,
ab_coarse_000195,completed,0.98795509,0.00108350,16,16,1,1,0.300000,0.300000,0,
ab_coarse_000196,completed,0.98997402,0.00105158,16,16,1,1,0.300000,0.300000,0,
ab_coarse_000197,completed,0.99624497,0.00108822,16,16,1,1,0.300000,0.300000,0,
ab_coarse_000198,completed,0.99985385,0.00098400,16,16,1,1,0.300000,0.300000,0,
ab_coarse_000199,completed,0.99987411,0.00100517,16,16,1,1,0.300000,0.300000,0,
ab_coarse_000200,completed,0.69573236,0.00173321,16,16,1,1,0.300000,0.300000,0,
ab_coarse_000201,completed,0.00000126,0.00000000,14,16,0,0,0.300000,0.300000,0,
ab_coarse_000202,completed,0.00000080,0.00000000,14,16,0,0,0.300000,0.300000,0,
ab_coarse_000203,completed,0.00000045,0.00000000,14,16,0,0,0.300000,0.300000,0,
ab_coarse_000204,completed,0.00000021,0.00000000,14,16,0,0,0.300000,0.300000,0,
ab_coarse_000205,completed,0.00000016,0.00000000,19,16,0,0,0.300000,0.300000,0,
ab_coarse_000206,completed,0.00000618,0.00000002,14,16,0,0,0.300000,0.300000,0,
ab_coarse_000207,completed,0.00002609,0.00000009,16,16,0,0,0.300000,0.300000,0,
ab_coarse_000208,completed,0.33589426,0.00040876,16,16,1,1,0.300000,0.300000,0,
ab_coarse_000209,completed,0.00006672,0.00000015,16,16,0,0,0.300000,0.300000,0,
ab_coarse_000210,completed,0.99117905,0.00101214,16,16,1,1,0.300000,0.300000,0,
ab_coarse_000211,completed,0.00026756,0.00000060,16,16,0,0,0.300000,0.300000,0,
ab_coarse_000212,completed,0.45620039,0.00046954,16,16,1,1,0.300000,0.300000,0,
ab_coarse_000213,completed,0.99939835,0.00099318,16,16,1,1,0.300000,0.300000,0,
ab_coarse_000214,completed,0.99986947,0.00098822,16,16,1,1,0.300000,0.300000,0,
ab_coarse_000215,completed,0.99957520,0.00100131,16,16,1,1,0.300000,0.300000,0,
ab_coarse_000216,completed,0.99908721,0.00120339,16,16,1,1,0.300000,0.300000,0,
ab_coarse_000217,completed,0.99833846,0.00165077,16,16,2,1,0.300000,0.300000,0,
ab_coarse_000218,completed,0.50399268,0.00065913,16,16,1,1,0.300000,0.300000,0,
ab_coarse_000219,completed,0.00163310,0.00000258,16,16,0,0,0.300000,0.300000,0,
ab_coarse_000220,completed,0.00000335,0.00000002,18,18,0,0,0.300000,0.300000,0,
ab_coarse_000221,completed,0.00000548,0.00000004,16,16,0,0,0.300000,0.300000,0,
ab_coarse_000222,completed,0.00000019,0.00000000,14,16,0,0,0.300000,0.300000,0,
ab_coarse_000223,completed,0.26465049,0.00031411,16,16,0,0,0.300000,0.300000,0,
ab_coarse_000224,completed,0.95371825,0.00415835,16,16,5,1,0.300000,0.300000,0,
ab_coarse_000225,completed,0.00001269,0.00000004,14,16,0,0,0.300000,0.300000,0,
ab_coarse_000226,completed,0.97903568,0.00161240,16,16,2,1,0.300000,0.300000,0,
ab_coarse_000227,completed,0.00026745,0.00000060,16,16,0,0,0.300000,0.300000,0,
ab_coarse_000228,completed,0.07245191,0.00009440,16,16,0,0,0.300000,0.300000,0,
ab_coarse_000229,completed,0.04077161,0.00004654,16,16,0,0,0.300000,0.300000,0,
ab_coarse_000230,completed,0.01196304,0.00002061,16,16,0,0,0.300000,0.300000,0,
ab_coarse_000231,completed,0.99926454,0.00099620,16,16,1,1,0.300000,0.300000,0,
ab_coarse_000232,completed,0.99923027,0.00105887,16,16,1,1,0.300000,0.300000,0,
ab_coarse_000233,completed,0.99972731,0.00099560,16,16,1,1,0.300000,0.300000,0,
ab_coarse_000234,completed,0.99994409,0.00097927,16,16,1,1,0.300000,0.300000,0,
ab_coarse_000235,completed,0.99977720,0.00106289,16,16,1,1,0.300000,0.300000,0,
ab_coarse_000236,completed,0.99939120,0.00166976,16,16,2,1,0.300000,0.300000,0,
ab_coarse_000237,completed,0.95533323,0.00259561,16,16,3,1,0.300000,0.300000,0,
ab_coarse_000238,completed,0.00000000,0.00000000,15,16,0,0,0.300000,0.300000,0,
ab_coarse_000239,completed,0.00009685,0.00000017,16,16,0,0,0.300000,0.300000,0,
ab_coarse_000240,completed,0.00000066,0.00000000,14,16,0,0,0.300000,0.300000,0,
ab_coarse_000241,completed,0.00000129,0.00000001,18,16,0,0,0.300000,0.300000,0,
ab_coarse_000242,completed,0.85029101,0.00217392,16,16,1,1,0.300000,0.300000,0,
ab_coarse_000243,completed,0.08327754,0.00008655,16,16,0,0,0.300000,0.300000,0,
ab_coarse_000244,completed,0.98905051,0.00149795,16,16,1,1,0.300000,0.300000,0,
ab_coarse_000245,completed,0.99707198,0.00104891,16,16,1,1,0.300000,0.300000,0,
ab_coarse_000246,completed,0.00974682,0.00002086,16,6,0,0,0.300000,0.300000,0,
ab_coarse_000247,completed,0.08340444,0.00012677,16,16,0,0,0.300000,0.300000,0,
ab_coarse_000248,completed,0.71223372,0.00110105,16,16,1,1,0.300000,0.300000,0,
ab_coarse_000249,completed,0.99972183,0.00098886,16,16,1,1,0.300000,0.300000,0,
ab_coarse_000250,completed,0.99945825,0.00098914,16,16,1,1,0.300000,0.300000,0,
ab_coarse_000251,completed,0.99983251,0.00099112,16,16,1,1,0.300000,0.300000,0,
ab_coarse_000252,completed,0.99994230,0.00097996,16,16,1,1,0.300000,0.300000,0,
ab_coarse_000253,completed,0.99993396,0.00098034,16,16,1,1,0.300000,0.300000,0,
ab_coarse_000254,completed,0.99897432,0.00104545,16,16,1,1,0.300000,0.300000,0,
ab_coarse_000255,completed,0.99987495,0.00106818,16,16,1,1,0.300000,0.300000,0,
ab_coarse_000256,completed,0.99500102,0.00151032,16,16,1,1,0.300000,0.300000,0,
ab_coarse_000257,completed,0.00000217,0.00000001,14,16,0,0,0.300000,0.300000,0,
ab_coarse_000258,completed,0.93859655,0.00130392,16,16,1,1,0.300000,0.300000,0,
ab_coarse_000259,completed,0.90960467,0.00148961,16,16,1,1,0.300000,0.300000,0,
ab_coarse_000260,completed,0.98980087,0.00127552,16,16,1,1,0.300000,0.300000,0,
ab_coarse_000261,completed,0.99557692,0.00110172,16,16,1,1,0.300000,0.300000,0,
ab_coarse_000262,completed,0.97946531,0.00281681,16,16,2,1,0.300000,0.300000,0,
ab_coarse_000263,completed,0.99152279,0.00165351,16,16,1,1,0.300000,0.300000,0,
ab_coarse_000264,completed,0.93926042,0.00228733,16,16,2,1,0.300000,0.300000,0,
ab_coarse_000265,completed,0.01986582,0.00004442,16,13,0,0,0.300000,0.300000,0,
ab_coarse_000266,completed,0.00011903,0.00000028,16,16,0,0,0.300000,0.300000,0,
ab_coarse_000267,completed,0.55785978,0.00055032,16,16,1,1,0.300000,0.300000,0,
ab_coarse_000268,completed,0.97395676,0.00095505,16,16,1,1,0.300000,0.300000,0,
ab_coarse_000269,completed,0.99989235,0.00098715,16,16,1,1,0.300000,0.300000,0,
ab_coarse_000270,completed,0.99985290,0.00098730,16,16,1,1,0.300000,0.300000,0,
ab_coarse_000271,completed,0.99981785,0.00098593,16,16,1,1,0.300000,0.300000,0,
ab_coarse_000272,completed,0.99980342,0.00099544,16,16,1,1,0.300000,0.300000,0,
ab_coarse_000273,completed,0.99989045,0.00098406,16,16,1,1,0.300000,0.300000,0,
ab_coarse_000274,completed,0.99997783,0.00101506,16,16,1,1,0.300000,0.300000,0,
ab_coarse_000275,completed,0.99759752,0.00130336,16,16,1,1,0.300000,0.300000,0,
ab_coarse_000276,completed,0.95707351,0.00227294,16,16,1,1,0.300000,0.300000,0,
ab_coarse_000277,completed,0.83891815,0.00229852,16,16,1,1,0.300000,0.300000,0,
ab_coarse_000278,completed,0.99457914,0.00122151,16,16,1,1,0.300000,0.300000,0,
ab_coarse_000279,completed,0.99005044,0.00136616,16,16,1,1,0.300000,0.300000,0,
ab_coarse_000280,completed,0.99976081,0.00098343,16,16,1,1,0.300000,0.300000,0,
ab_coarse_000281,completed,0.98566204,0.00136976,16,16,1,1,0.300000,0.300000,0,
ab_coarse_000282,completed,0.99723864,0.00102000,16,16,1,1,0.300000,0.300000,0,
ab_coarse_000283,completed,0.99713922,0.00100171,16,16,1,1,0.300000,0.300000,0,
ab_coarse_000284,completed,0.99853361,0.00099995,16,16,1,1,0.300000,0.300000,0,
ab_coarse_000285,completed,0.99388158,0.00100683,16,16,1,1,0.300000,0.300000,0,
ab_coarse_000286,completed,0.00019901,0.00000058,16,13,0,0,0.300000,0.300000,0,
ab_coarse_000287,completed,0.00190033,0.00000359,16,16,0,0,0.300000,0.300000,0,
ab_coarse_000288,completed,0.01455457,0.00001869,16,16,0,0,0.300000,0.300000,0,
ab_coarse_000289,completed,0.99615270,0.00097485,16,16,1,1,0.300000,0.300000,0,
ab_coarse_000290,completed,0.99981749,0.00098502,16,16,1,1,0.300000,0.300000,0,
ab_coarse_000291,completed,0.99975365,0.00099477,16,16,1,1,0.300000,0.300000,0,
ab_coarse_000292,completed,0.99973744,0.00098674,16,16,1,1,0.300000,0.300000,0,
ab_coarse_000293,completed,0.99995661,0.00098020,16,16,1,1,0.300000,0.300000,0,
ab_coarse_000294,completed,0.99976033,0.00098696,16,16,1,1,0.300000,0.300000,0,
ab_coarse_000295,completed,0.99990451,0.00098076,16,16,1,1,0.300000,0.300000,0,
ab_coarse_000296,completed,0.99997485,0.00097950,16,16,1,1,0.300000,0.300000,0,
ab_coarse_000297,completed,0.99947453,0.00098593,16,16,1,1,0.300000,0.300000,0,
ab_coarse_000298,completed,0.99261850,0.00407102,16,16,5,1,0.300000,0.300000,0,
ab_coarse_000299,completed,0.99897373,0.00102928,16,16,1,1,0.300000,0.300000,0,
ab_coarse_000300,completed,0.99634391,0.00112656,16,16,1,1,0.300000,0.300000,0,
ab_coarse_000301,completed,0.98923665,0.00124487,16,16,1,1,0.300000,0.300000,0,
ab_coarse_000302,completed,0.97274864,0.00191917,16,16,1,1,0.300000,0.300000,0,
ab_coarse_000303,completed,0.99648464,0.00103939,16,16,1,1,0.300000,0.300000,0,
ab_coarse_000304,completed,0.99713528,0.00101726,16,16,1,1,0.300000,0.300000,0,
ab_coarse_000305,completed,0.99137503,0.00102495,16,16,1,1,0.300000,0.300000,0,
ab_coarse_000306,completed,0.97143179,0.00105190,16,16,1,1,0.300000,0.300000,0,
ab_coarse_000307,completed,0.00013355,0.00000028,16,16,0,0,0.300000,0.300000,0,
ab_coarse_000308,completed,0.00570899,0.00001557,16,18,0,0,0.300000,0.300000,0,
ab_coarse_000309,completed,0.98362899,0.00097200,16,16,1,1,0.300000,0.300000,0,
ab_coarse_000310,completed,0.98287374,0.00097784,16,16,1,1,0.300000,0.300000,0,
ab_coarse_000311,completed,0.99994135,0.00097950,16,16,1,1,0.300000,0.300000,0,
ab_coarse_000312,completed,0.99979389,0.00098025,16,16,1,1,0.300000,0.300000,0,
ab_coarse_000313,completed,0.99961495,0.00111964,16,16,1,1,0.300000,0.300000,0,
ab_coarse_000314,completed,0.99953228,0.00099648,16,16,1,1,0.300000,0.300000,0,
ab_coarse_000315,completed,0.99992776,0.00098304,16,16,1,1,0.300000,0.300000,0,
ab_coarse_000316,completed,0.99995685,0.00097985,16,16,1,1,0.300000,0.300000,0,
ab_coarse_000317,completed,0.99947953,0.00098879,16,16,1,1,0.300000,0.300000,0,
ab_coarse_000318,completed,0.99926287,0.00098490,16,16,1,1,0.300000,0.300000,0,
ab_coarse_000319,completed,0.99990499,0.00097990,16,16,1,1,0.300000,0.300000,0,
ab_coarse_000320,completed,0.99988198,0.00098175,16,16,1,1,0.300000,0.300000,0,
ab_coarse_000321,completed,0.99727964,0.00099617,16,16,1,1,0.300000,0.300000,0,
ab_coarse_000322,completed,0.99804652,0.00107552,16,16,1,1,0.300000,0.300000,0,
ab_coarse_000323,completed,0.99539018,0.00101997,16,16,1,1,0.300000,0.300000,0,
ab_coarse_000324,completed,0.99511635,0.00101827,16,16,1,1,0.300000,0.300000,0,
ab_coarse_000325,completed,0.99742740,0.00100141,16,16,1,1,0.300000,0.300000,0,
ab_coarse_000326,completed,0.99740475,0.00103920,16,16,1,1,0.300000,0.300000,0,
ab_coarse_000327,completed,0.99804902,0.00100322,16,16,1,1,0.300000,0.300000,0,
ab_coarse_000328,completed,0.99344265,0.00101438,16,16,1,1,0.300000,0.300000,0,
ab_coarse_000329,completed,0.00041756,0.00000087,16,16,0,0,0.300000,0.300000,0,
ab_coarse_000330,completed,0.00211781,0.00000345,16,16,0,0,0.300000,0.300000,0,
ab_coarse_000331,completed,0.15673763,0.00017982,16,16,0,0,0.300000,0.300000,0,
ab_coarse_000332,completed,0.99991703,0.00098085,16,16,1,1,0.300000,0.300000,0,
ab_coarse_000333,completed,0.99998319,0.00097857,16,16,1,1,0.300000,0.300000,0,
ab_coarse_000334,completed,0.99976486,0.00098675,16,16,1,1,0.300000,0.300000,0,
ab_coarse_000335,completed,0.99912769,0.00098970,16,16,1,1,0.300000,0.300000,0,
ab_coarse_000336,completed,0.99937177,0.00098687,16,16,1,1,0.300000,0.300000,0,
ab_coarse_000337,completed,0.99962223,0.00099368,16,16,1,1,0.300000,0.300000,0,
ab_coarse_000338,completed,0.99996233,0.00097789,16,16,1,1,0.300000,0.300000,0,
ab_coarse_000339,completed,0.99455673,0.00110156,16,16,1,1,0.300000,0.300000,0,
ab_coarse_000340,completed,0.98325723,0.00123470,16,16,1,1,0.300000,0.300000,0,
ab_coarse_000341,completed,0.99925739,0.00098767,16,16,1,1,0.300000,0.300000,0,
ab_coarse_000342,completed,0.99990022,0.00099405,16,16,1,1,0.300000,0.300000,0,
ab_coarse_000343,completed,0.99828029,0.00101125,16,16,1,1,0.300000,0.300000,0,
ab_coarse_000344,completed,0.99740428,0.00102031,16,16,1,1,0.300000,0.300000,0,
ab_coarse_000345,completed,0.99324954,0.00103902,16,16,1,1,0.300000,0.300000,0,
ab_coarse_000346,completed,0.99570715,0.00104127,16,16,1,1,0.300000,0.300000,0,
ab_coarse_000347,completed,0.96920532,0.00127122,16,16,1,1,0.300000,0.300000,0,
ab_coarse_000348,completed,0.90049958,0.00185006,16,16,1,1,0.300000,0.300000,0,
ab_coarse_000349,completed,0.98544252,0.00122375,16,16,1,1,0.300000,0.300000,0,
ab_coarse_000350,completed,0.99413198,0.00104651,16,16,1,1,0.300000,0.300000,0,
ab_coarse_000351,completed,0.14796363,0.00018308,16,12,0,0,0.300000,0.300000,0,
ab_coarse_000352,completed,0.00021241,0.00000088,16,16,0,0,0.300000,0.300000,0,
ab_coarse_000353,completed,0.94991928,0.00096041,16,16,1,1,0.300000,0.300000,0,
ab_coarse_000354,completed,0.99756926,0.00098953,16,16,1,1,0.300000,0.300000,0,
ab_coarse_000355,completed,0.99994516,0.00098354,16,16,1,1,0.300000,0.300000,0,
ab_coarse_000356,completed,0.99967688,0.00098641,16,16,1,1,0.300000,0.300000,0,
ab_coarse_000357,completed,0.99783593,0.00101908,16,16,1,1,0.300000,0.300000,0,
ab_coarse_000358,completed,0.99983704,0.00098248,16,16,1,1,0.300000,0.300000,0,
ab_coarse_000359,completed,0.99992299,0.00097965,16,16,1,1,0.300000,0.300000,0,
ab_coarse_000360,completed,0.99994779,0.00097921,16,16,1,1,0.300000,0.300000,0,
ab_coarse_000361,completed,0.99998820,0.00097755,16,16,1,1,0.300000,0.300000,0,
ab_coarse_000362,completed,0.99998200,0.00097834,16,16,1,1,0.300000,0.300000,0,
ab_coarse_000363,completed,0.99878711,0.00100011,16,16,1,1,0.300000,0.300000,0,
ab_coarse_000364,completed,0.99950397,0.00098979,16,16,1,1,0.300000,0.300000,0,
ab_coarse_000365,completed,0.99981225,0.00098089,16,16,1,1,0.300000,0.300000,0,
ab_coarse_000366,completed,0.99916232,0.00100042,16,16,1,1,0.300000,0.300000,0,
ab_coarse_000367,completed,0.99616337,0.00100494,16,16,1,1,0.300000,0.300000,0,
ab_coarse_000368,completed,0.99583268,0.00100405,16,16,1,1,0.300000,0.300000,0,
ab_coarse_000369,completed,0.99484843,0.00116679,16,16,1,1,0.300000,0.300000,0,
ab_coarse_000370,completed,0.99165535,0.00102581,16,16,1,1,0.300000,0.300000,0,
ab_coarse_000371,completed,0.99518621,0.00103942,16,16,1,1,0.300000,0.300000,0,
ab_coarse_000372,completed,0.99723464,0.00100203,16,16,1,1,0.300000,0.300000,0,
ab_coarse_000373,completed,0.93020332,0.00132948,16,16,1,1,0.300000,0.300000,0,
ab_coarse_000374,completed,0.94632715,0.00094546,16,16,1,1,0.300000,0.300000,0,
ab_coarse_000375,completed,0.99811137,0.00118741,16,16,1,1,0.300000,0.300000,0,
ab_coarse_000376,completed,0.99959517,0.00099416,16,16,1,1,0.300000,0.300000,0,
ab_coarse_000377,completed,0.99984634,0.00098564,16,16,1,1,0.300000,0.300000,0,
ab_coarse_000378,completed,0.99953610,0.00098581,16,16,1,1,0.300000,0.300000,0,
ab_coarse_000379,completed,0.99985421,0.00098127,16,16,1,1,0.300000,0.300000,0,
ab_coarse_000380,completed,0.99938619,0.00105233,16,16,1,1,0.300000,0.300000,0,
ab_coarse_000381,completed,0.99993682,0.00098425,16,16,1,1,0.300000,0.300000,0,
ab_coarse_000382,completed,0.99962926,0.00098793,16,16,1,1,0.300000,0.300000,0,
ab_coarse_000383,completed,0.99721187,0.00101485,16,16,1,1,0.300000,0.300000,0,
ab_coarse_000384,completed,0.83096176,0.00098806,16,16,1,1,0.300000,0.300000,0,
ab_coarse_000385,completed,0.99848038,0.00100240,16,16,1,1,0.300000,0.300000,0,
ab_coarse_000386,completed,0.99842501,0.00099524,16,16,1,1,0.300000,0.300000,0,
ab_coarse_000387,completed,0.99822563,0.00099674,16,16,1,1,0.300000,0.300000,0,
ab_coarse_000388,completed,0.96247882,0.00110953,16,16,1,1,0.300000,0.300000,0,
ab_coarse_000389,completed,0.99928164,0.00098782,16,16,1,1,0.300000,0.300000,0,
ab_coarse_000390,completed,0.98616773,0.00105392,16,16,1,1,0.300000,0.300000,0,
ab_coarse_000391,completed,0.94274813,0.00183244,16,16,1,1,0.300000,0.300000,0,
ab_coarse_000392,completed,0.97088552,0.00106532,16,16,1,1,0.300000,0.300000,0,
ab_coarse_000393,completed,0.99796200,0.00100854,16,16,1,1,0.300000,0.300000,0,
ab_coarse_000394,completed,0.99720389,0.00101734,16,16,1,1,0.300000,0.300000,0,
ab_coarse_000395,completed,0.00024120,0.00000051,16,16,0,0,0.300000,0.300000,0,
ab_coarse_000396,completed,0.00043409,0.00000084,16,16,0,0,0.300000,0.300000,0,
ab_coarse_000397,completed,0.99980175,0.00098962,16,16,1,1,0.300000,0.300000,0,
ab_coarse_000398,completed,0.99987900,0.00098284,16,16,1,1,0.300000,0.300000,0,
ab_coarse_000399,completed,0.99987495,0.00098394,16,16,1,1,0.300000,0.300000,0,
ab_coarse_000400,completed,0.99903542,0.00106620,16,16,1,1,0.300000,0.300000,0,
ab_coarse_000401,completed,0.99967223,0.00099655,16,16,1,1,0.300000,0.300000,0,
ab_coarse_000402,completed,0.99916220,0.00153477,16,16,2,1,0.300000,0.300000,0,
ab_coarse_000403,completed,0.99902272,0.00101141,16,16,1,1,0.300000,0.300000,0,
ab_coarse_000404,completed,0.99845278,0.00100279,16,16,1,1,0.300000,0.300000,0,
ab_coarse_000405,completed,0.99999726,0.00097769,16,16,1,1,0.300000,0.300000,0,
ab_coarse_000406,completed,0.99558556,0.00103492,16,16,1,1,0.300000,0.300000,0,
ab_coarse_000407,completed,0.99657673,0.00100862,16,16,1,1,0.300000,0.300000,0,
ab_coarse_000408,completed,0.99818331,0.00099147,16,16,1,1,0.300000,0.300000,0,
ab_coarse_000409,completed,0.98888177,0.00106862,16,16,1,1,0.300000,0.300000,0,
ab_coarse_000410,completed,0.99625576,0.00110595,16,16,1,1,0.300000,0.300000,0,
ab_coarse_000411,completed,0.99703264,0.00104262,16,16,1,1,0.300000,0.300000,0,
ab_coarse_000412,completed,0.99779260,0.00100618,16,16,1,1,0.300000,0.300000,0,
ab_coarse_000413,completed,0.99788314,0.00100624,16,16,1,1,0.300000,0.300000,0,
ab_coarse_000414,completed,0.99752885,0.00102443,16,16,1,1,0.300000,0.300000,0,
ab_coarse_000415,completed,0.99907327,0.00098860,16,16,1,1,0.300000,0.300000,0,
ab_coarse_000416,completed,0.98769534,0.00108438,16,16,1,1,0.300000,0.300000,0,
ab_coarse_000417,completed,0.00040960,0.00000076,16,16,0,0,0.300000,0.300000,0,
ab_coarse_000418,completed,0.99955434,0.00098532,16,16,1,1,0.300000,0.300000,0,
ab_coarse_000419,completed,0.93338215,0.00358212,16,16,4,1,0.300000,0.300000,0,
ab_coarse_000420,completed,0.99771923,0.00109143,16,16,1,1,0.300000,0.300000,0,
ab_coarse_000421,completed,0.99849367,0.00115846,16,16,1,1,0.300000,0.300000,0,
ab_coarse_000422,completed,0.99943501,0.00099517,16,16,1,1,0.300000,0.300000,0,
ab_coarse_000423,completed,0.99976617,0.00098375,16,16,1,1,0.300000,0.300000,0,
ab_coarse_000424,completed,0.99478203,0.00107336,16,16,1,1,0.300000,0.300000,0,
ab_coarse_000425,completed,0.99998915,0.00097681,16,16,1,1,0.300000,0.300000,0,
ab_coarse_000426,completed,0.98574471,0.00312851,16,16,2,1,0.300000,0.300000,0,
ab_coarse_000427,completed,0.99803740,0.00112454,16,16,1,1,0.300000,0.300000,0,
ab_coarse_000428,completed,0.99844623,0.00100362,16,16,1,1,0.300000,0.300000,0,
ab_coarse_000429,completed,0.99562007,0.00100041,16,16,1,1,0.300000,0.300000,0,
ab_coarse_000430,completed,0.99954063,0.00099150,16,16,1,1,0.300000,0.300000,0,
ab_coarse_000431,completed,0.99455923,0.00105191,16,16,1,1,0.300000,0.300000,0,
ab_coarse_000432,completed,0.99831045,0.00099716,16,16,1,1,0.300000,0.300000,0,
ab_coarse_000433,completed,0.99729007,0.00099161,16,16,1,1,0.300000,0.300000,0,
ab_coarse_000434,completed,0.99815184,0.00099553,16,16,1,1,0.300000,0.300000,0,
ab_coarse_000435,completed,0.99991977,0.00100257,16,16,1,1,0.300000,0.300000,0,
ab_coarse_000436,completed,0.99412560,0.00100357,16,16,1,1,0.300000,0.300000,0,
ab_coarse_000437,completed,0.96719968,0.00103971,16,16,1,1,0.300000,0.300000,0,
ab_coarse_000438,completed,0.01641015,0.00003195,16,11,0,0,0.300000,0.300000,0,
ab_coarse_000439,completed,0.00940244,0.00001010,16,16,0,0,0.300000,0.300000,0,
ab_coarse_000440,completed,0.99926668,0.00118913,16,16,1,1,0.300000,0.300000,0,
ab_coarse_000441,completed,0.99988115,0.00098345,16,16,1,1,0.300000,0.300000,0,
ab_coarse_000442,completed,0.96898466,0.00201847,16,16,2,1,0.300000,0.300000,0,
ab_coarse_000443,completed,0.99762768,0.00109767,16,16,1,1,0.300000,0.300000,0,
ab_coarse_000444,completed,0.99591863,0.00221910,16,16,2,1,0.300000,0.300000,0,
ab_coarse_000445,completed,0.98042023,0.00233158,16,16,1,1,0.300000,0.300000,0,
ab_coarse_000446,completed,0.99994051,0.00098304,16,16,1,1,0.300000,0.300000,0,
ab_coarse_000447,completed,0.99988556,0.00098624,16,16,1,1,0.300000,0.300000,0,
ab_coarse_000448,completed,0.99959230,0.00098440,16,16,1,1,0.300000,0.300000,0,
ab_coarse_000449,completed,0.99709725,0.00101677,16,16,1,1,0.300000,0.300000,0,
ab_coarse_000450,completed,0.99872798,0.00098973,16,16,1,1,0.300000,0.300000,0,
ab_coarse_000451,completed,0.99525851,0.00100839,16,16,1,1,0.300000,0.300000,0,
ab_coarse_000452,completed,0.99858356,0.00099772,16,16,1,1,0.300000,0.300000,0,
ab_coarse_000453,completed,0.99863321,0.00100297,16,16,1,1,0.300000,0.300000,0,
ab_coarse_000454,completed,0.99345160,0.00100583,16,16,1,1,0.300000,0.300000,0,
ab_coarse_000455,completed,0.99739885,0.00101341,16,16,1,1,0.300000,0.300000,0,
ab_coarse_000456,completed,0.99023086,0.00105314,16,16,1,1,0.300000,0.300000,0,
ab_coarse_000457,completed,0.99168128,0.00101001,16,16,1,1,0.300000,0.300000,0,
ab_coarse_000458,completed,0.99420375,0.00100991,16,16,1,1,0.300000,0.300000,0,
ab_coarse_000459,completed,0.89560592,0.00120412,16,16,1,1,0.300000,0.300000,0,
ab_coarse_000460,completed,0.00026972,0.00000065,16,16,0,0,0.300000,0.300000,0,
ab_coarse_000461,completed,0.99979293,0.00098427,16,16,1,1,0.300000,0.300000,0,
ab_coarse_000462,completed,0.99996638,0.00097824,16,16,1,1,0.300000,0.300000,0,
ab_coarse_000463,completed,0.99463212,0.00182980,16,16,1,1,0.300000,0.300000,0,
ab_coarse_000464,completed,0.99568343,0.00106647,16,16,1,1,0.300000,0.300000,0,
ab_coarse_000465,completed,0.96408004,0.00288080,16,16,3,1,0.300000,0.300000,0,
ab_coarse_000466,completed,0.99553996,0.00123943,16,16,1,1,0.300000,0.300000,0,
ab_coarse_000467,completed,0.99988270,0.00098260,16,16,1,1,0.300000,0.300000,0,
ab_coarse_000468,completed,0.99952137,0.00098568,16,16,1,1,0.300000,0.300000,0,
ab_coarse_000469,completed,0.99840301,0.00103699,16,16,1,1,0.300000,0.300000,0,
ab_coarse_000470,completed,0.99958885,0.00099283,16,16,1,1,0.300000,0.300000,0,
ab_coarse_000471,completed,0.99903327,0.00100057,16,16,1,1,0.300000,0.300000,0,
ab_coarse_000472,completed,0.99833930,0.00100659,16,16,1,1,0.300000,0.300000,0,
ab_coarse_000473,completed,0.99878019,0.00099216,16,16,1,1,0.300000,0.300000,0,
ab_coarse_000474,completed,0.99767560,0.00100235,16,16,1,1,0.300000,0.300000,0,
ab_coarse_000475,completed,0.99709803,0.00100478,16,16,1,1,0.300000,0.300000,0,
ab_coarse_000476,completed,0.99848181,0.00099005,16,16,1,1,0.300000,0.300000,0,
ab_coarse_000477,completed,0.99270517,0.00168858,16,16,2,1,0.300000,0.300000,0,
ab_coarse_000478,completed,0.97829092,0.00179332,16,16,2,1,0.300000,0.300000,0,
ab_coarse_000479,completed,0.98762590,0.00100649,16,16,1,1,0.300000,0.300000,0,
ab_coarse_000480,completed,0.90839648,0.00119838,16,16,1,1,0.300000,0.300000,0,
ab_coarse_000481,completed,0.12085937,0.00012671,16,16,0,0,0.300000,0.300000,0,
ab_coarse_000482,completed,0.99915051,0.00108810,16,16,1,1,0.300000,0.300000,0,
ab_coarse_000483,completed,0.99997997,0.00097937,16,16,1,1,0.300000,0.300000,0,
ab_coarse_000484,completed,0.99667227,0.00104113,16,16,1,1,0.300000,0.300000,0,
ab_coarse_000485,completed,0.99792069,0.00101310,16,16,1,1,0.300000,0.300000,0,
ab_coarse_000486,completed,0.99795437,0.00101247,16,16,1,1,0.300000,0.300000,0,
ab_coarse_000487,completed,0.99981952,0.00098163,16,16,1,1,0.300000,0.300000,0,
ab_coarse_000488,completed,0.99962735,0.00098722,16,16,1,1,0.300000,0.300000,0,
ab_coarse_000489,completed,0.99852979,0.00101594,16,16,1,1,0.300000,0.300000,0,
ab_coarse_000490,completed,0.99965537,0.00098502,16,16,1,1,0.300000,0.300000,0,
ab_coarse_000491,completed,0.99972111,0.00098636,16,16,1,1,0.300000,0.300000,0,
ab_coarse_000492,completed,0.99801803,0.00100700,16,16,1,1,0.300000,0.300000,0,
ab_coarse_000493,completed,0.89840215,0.00111544,16,16,1,1,0.300000,0.300000,0,
ab_coarse_000494,completed,0.97596902,0.00102859,16,16,1,1,0.300000,0.300000,0,
ab_coarse_000495,completed,0.83444047,0.00091373,16,16,1,1,0.300000,0.300000,0,
ab_coarse_000496,completed,0.93367869,0.00098174,16,16,1,1,0.300000,0.300000,0,
ab_coarse_000497,completed,0.99787915,0.00098461,16,16,1,1,0.300000,0.300000,0,
ab_coarse_000498,completed,0.95117074,0.00238250,16,16,2,1,0.300000,0.300000,0,
ab_coarse_000499,completed,0.97780710,0.00121992,16,16,1,1,0.300000,0.300000,0,
ab_coarse_000500,completed,0.97697562,0.00108491,16,16,1,1,0.300000,0.300000,0,
ab_coarse_000501,completed,0.00022945,0.00000041,16,16,0,0,0.300000,0.300000,0,
ab_coarse_000502,completed,0.00061442,0.00000116,16,16,0,0,0.300000,0.300000,0,
ab_coarse_000503,completed,0.99997270,0.00097974,16,16,1,1,0.300000,0.300000,0,
ab_coarse_000504,completed,0.99981868,0.00102579,16,16,1,1,0.300000,0.300000,0,
ab_coarse_000505,completed,0.99529260,0.00108928,16,16,1,1,0.300000,0.300000,0,
ab_coarse_000506,completed,0.99950552,0.00099046,16,16,1,1,0.300000,0.300000,0,
ab_coarse_000507,completed,0.99956375,0.00098753,16,16,1,1,0.300000,0.300000,0,
ab_coarse_000508,completed,0.99516296,0.00105822,16,16,1,1,0.300000,0.300000,0,
ab_coarse_000509,completed,0.99978447,0.00098167,16,16,1,1,0.300000,0.300000,0,
ab_coarse_000510,completed,0.99997258,0.00098003,16,16,1,1,0.300000,0.300000,0,
ab_coarse_000511,completed,0.99903470,0.00098300,16,16,1,1,0.300000,0.300000,0,
ab_coarse_000512,completed,0.99938273,0.00098533,16,16,1,1,0.300000,0.300000,0,
ab_coarse_000513,completed,0.99907684,0.00101217,16,16,1,1,0.300000,0.300000,0,
ab_coarse_000514,completed,0.99875212,0.00099877,16,16,1,1,0.300000,0.300000,0,
ab_coarse_000515,completed,0.81874871,0.00107265,16,16,1,1,0.300000,0.300000,0,
ab_coarse_000516,completed,0.78236568,0.00101142,16,16,1,1,0.300000,0.300000,0,
ab_coarse_000517,completed,0.82515341,0.00096416,16,16,1,1,0.300000,0.300000,0,
ab_coarse_000518,completed,0.71533853,0.00109254,16,16,1,1,0.300000,0.300000,0,
ab_coarse_000519,completed,0.99791318,0.00101265,16,16,1,1,0.300000,0.300000,0,
ab_coarse_000520,completed,0.84568709,0.00173709,16,16,1,1,0.300000,0.300000,0,
ab_coarse_000521,completed,0.94133413,0.00115425,16,16,1,1,0.300000,0.300000,0,
ab_coarse_000522,completed,0.00264480,0.00000588,16,10,0,0,0.300000,0.300000,0,
ab_coarse_000523,completed,0.99904615,0.00098782,16,16,1,1,0.300000,0.300000,0,
ab_coarse_000524,completed,0.99936348,0.00098721,16,16,1,1,0.300000,0.300000,0,
ab_coarse_000525,completed,0.99934834,0.00098515,16,16,1,1,0.300000,0.300000,0,
ab_coarse_000526,completed,0.99929464,0.00098662,16,16,1,1,0.300000,0.300000,0,
ab_coarse_000527,completed,0.99838269,0.00099861,16,16,1,1,0.300000,0.300000,0,
ab_coarse_000528,completed,0.98938191,0.00206831,16,16,2,1,0.300000,0.300000,0,
ab_coarse_000529,completed,0.98520279,0.00101712,16,16,1,1,0.300000,0.300000,0,
ab_coarse_000530,completed,0.99891233,0.00099779,16,16,1,1,0.300000,0.300000,0,
ab_coarse_000531,completed,0.99281037,0.00102346,16,16,1,1,0.300000,0.300000,0,
ab_coarse_000532,completed,0.99832159,0.00100600,16,16,1,1,0.300000,0.300000,0,
ab_coarse_000533,completed,0.99976701,0.00098159,16,16,1,1,0.300000,0.300000,0,
ab_coarse_000534,completed,0.99740678,0.00100222,16,16,1,1,0.300000,0.300000,0,
ab_coarse_000535,completed,0.96845341,0.00104856,16,16,1,1,0.300000,0.300000,0,
ab_coarse_000536,completed,0.36950445,0.00114484,16,16,1,1,0.300000,0.300000,0,
ab_coarse_000537,completed,0.17772248,0.00064600,16,16,0,0,0.300000,0.300000,0,
ab_coarse_000538,completed,0.97850513,0.00098362,16,16,1,1,0.300000,0.300000,0,
ab_coarse_000539,completed,0.97858649,0.00134672,16,16,1,1,0.300000,0.300000,0,
ab_coarse_000540,completed,0.77765864,0.00157934,16,16,1,1,0.300000,0.300000,0,
ab_coarse_000541,completed,0.81578296,0.00131278,16,16,1,1,0.300000,0.300000,0,
ab_coarse_000542,completed,0.71231323,0.00095890,16,16,1,1,0.300000,0.300000,0,
ab_coarse_000543,completed,0.00192375,0.00000221,16,16,0,0,0.300000,0.300000,0,
ab_coarse_000544,completed,0.99973720,0.00098008,16,16,1,1,0.300000,0.300000,0,
ab_coarse_000545,completed,0.99264210,0.00099982,16,16,1,1,0.300000,0.300000,0,
ab_coarse_000546,completed,0.99906379,0.00101160,16,16,1,1,0.300000,0.300000,0,
ab_coarse_000547,completed,0.99880743,0.00099227,16,16,1,1,0.300000,0.300000,0,
ab_coarse_000548,completed,0.99577266,0.00102436,16,16,1,1,0.300000,0.300000,0,
ab_coarse_000549,completed,0.98002601,0.00112837,16,16,1,1,0.300000,0.300000,0,
ab_coarse_000550,completed,0.99971789,0.00098141,16,16,1,1,0.300000,0.300000,0,
ab_coarse_000551,completed,0.99372441,0.00107009,16,16,1,1,0.300000,0.300000,0,
ab_coarse_000552,completed,0.99952292,0.00098591,16,16,1,1,0.300000,0.300000,0,
ab_coarse_000553,completed,0.99948108,0.00098885,16,16,1,1,0.300000,0.300000,0,
ab_coarse_000554,completed,0.99589664,0.00100474,16,16,1,1,0.300000,0.300000,0,
ab_coarse_000555,completed,0.99238998,0.00100576,16,16,1,1,0.300000,0.300000,0,
ab_coarse_000556,completed,0.98862898,0.00104681,16,16,1,1,0.300000,0.300000,0,
ab_coarse_000557,completed,0.95122814,0.00107521,16,16,1,1,0.300000,0.300000,0,
ab_coarse_000558,completed,0.97701627,0.00108645,16,16,1,1,0.300000,0.300000,0,
ab_coarse_000559,completed,0.21060869,0.00033713,16,16,0,0,0.300000,0.300000,0,
ab_coarse_000560,completed,0.91498947,0.00110605,16,16,1,1,0.300000,0.300000,0,
ab_coarse_000561,completed,0.78086591,0.00095807,16,16,1,1,0.300000,0.300000,0,
ab_coarse_000562,completed,0.96971840,0.00120809,16,16,1,1,0.300000,0.300000,0,
ab_coarse_000563,completed,0.99762505,0.00099644,16,16,1,1,0.300000,0.300000,0,
ab_coarse_000564,completed,0.99897653,0.00099264,16,16,1,1,0.300000,0.300000,0,
ab_coarse_000565,completed,0.99988210,0.00098137,16,16,1,1,0.300000,0.300000,0,
ab_coarse_000566,completed,0.99555850,0.00101387,16,16,1,1,0.300000,0.300000,0,
ab_coarse_000567,completed,0.99697953,0.00106113,16,16,1,1,0.300000,0.300000,0,
ab_coarse_000568,completed,0.86855388,0.00171655,16,16,1,1,0.300000,0.300000,0,
ab_coarse_000569,completed,0.99212462,0.00114126,16,16,1,1,0.300000,0.300000,0,
ab_coarse_000570,completed,0.95608002,0.00137721,16,16,1,1,0.300000,0.300000,0,
ab_coarse_000571,completed,0.99073517,0.00111186,16,16,1,1,0.300000,0.300000,0,
ab_coarse_000572,completed,0.99184579,0.00101726,16,16,1,1,0.300000,0.300000,0,
ab_coarse_000573,completed,0.99749339,0.00100401,16,16,1,1,0.300000,0.300000,0,
ab_coarse_000574,completed,0.99780029,0.00100306,16,16,1,1,0.300000,0.300000,0,
ab_coarse_000575,completed,0.99138802,0.00110709,16,16,1,1,0.300000,0.300000,0,
ab_coarse_000576,completed,0.98393381,0.00110693,16,16,1,1,0.300000,0.300000,0,
ab_coarse_000577,completed,0.99908316,0.00098107,16,16,1,1,0.300000,0.300000,0,
ab_coarse_000578,completed,0.94348198,0.00108574,16,16,1,1,0.300000,0.300000,0,
ab_coarse_000579,completed,0.99103516,0.00111328,16,16,1,1,0.300000,0.300000,0,
ab_coarse_000580,completed,0.98541451,0.00106598,16,16,1,1,0.300000,0.300000,0,
ab_coarse_000581,completed,0.09702692,0.00057355,16,16,0,0,0.300000,0.300000,0,
ab_coarse_000582,completed,0.00021852,0.00000041,16,16,0,0,0.300000,0.300000,0,
ab_coarse_000583,completed,0.00758247,0.00000781,16,16,0,0,0.300000,0.300000,0,
ab_coarse_000584,completed,0.96147835,0.00101960,16,16,1,1,0.300000,0.300000,0,
ab_coarse_000585,completed,0.98527813,0.00101974,16,16,1,1,0.300000,0.300000,0,
ab_coarse_000586,completed,0.99505943,0.00099783,16,16,1,1,0.300000,0.300000,0,
ab_coarse_000587,completed,0.99766701,0.00097997,16,16,1,1,0.300000,0.300000,0,
ab_coarse_000588,completed,0.99470145,0.00109150,16,16,1,1,0.300000,0.300000,0,
ab_coarse_000589,completed,0.99729687,0.00102170,16,16,1,1,0.300000,0.300000,0,
ab_coarse_000590,completed,0.99603939,0.00108190,16,16,1,1,0.300000,0.300000,0,
ab_coarse_000591,completed,0.98660427,0.00122471,16,16,1,1,0.300000,0.300000,0,
ab_coarse_000592,completed,0.99857402,0.00099334,16,16,1,1,0.300000,0.300000,0,
ab_coarse_000593,completed,0.99626583,0.00099967,16,16,1,1,0.300000,0.300000,0,
ab_coarse_000594,completed,0.99137950,0.00102918,16,16,1,1,0.300000,0.300000,0,
ab_coarse_000595,completed,0.99713707,0.00101168,16,16,1,1,0.300000,0.300000,0,
ab_coarse_000596,completed,0.99962842,0.00098600,16,16,1,1,0.300000,0.300000,0,
ab_coarse_000597,completed,0.96808350,0.00126166,16,16,1,1,0.300000,0.300000,0,
ab_coarse_000598,completed,0.98045313,0.00111884,16,16,1,1,0.300000,0.300000,0,
ab_coarse_000599,completed,0.98676348,0.00112961,16,16,1,1,0.300000,0.300000,0,
ab_coarse_000600,completed,0.99134821,0.00102996,16,16,1,1,0.300000,0.300000,0,
ab_coarse_000601,completed,0.84744328,0.00108055,16,16,1,1,0.300000,0.300000,0,
ab_coarse_000602,completed,0.00031883,0.00000067,16,16,0,0,0.300000,0.300000,0,
ab_coarse_000603,completed,0.00016834,0.00000037,16,16,0,0,0.300000,0.300000,0,
ab_coarse_000604,completed,0.99390155,0.00100055,16,16,1,1,0.300000,0.300000,0,
ab_coarse_000605,completed,0.99516886,0.00102060,16,16,1,1,0.300000,0.300000,0,
ab_coarse_000606,completed,0.99596113,0.00102504,16,16,1,1,0.300000,0.300000,0,
ab_coarse_000607,completed,0.99333113,0.00101618,16,16,1,1,0.300000,0.300000,0,
ab_coarse_000608,completed,0.99807477,0.00099872,16,16,1,1,0.300000,0.300000,0,
ab_coarse_000609,completed,0.99772555,0.00112582,16,16,1,1,0.300000,0.300000,0,
ab_coarse_000610,completed,0.99402016,0.00106803,16,16,1,1,0.300000,0.300000,0,
ab_coarse_000611,completed,0.99848264,0.00098973,16,16,1,1,0.300000,0.300000,0,
ab_coarse_000612,completed,0.94294453,0.00102707,16,16,1,1,0.300000,0.300000,0,
ab_coarse_000613,completed,0.98909163,0.00101312,16,16,1,1,0.300000,0.300000,0,
ab_coarse_000614,completed,0.99593002,0.00097951,16,16,1,1,0.300000,0.300000,0,
ab_coarse_000615,completed,0.99384660,0.00100034,16,16,1,1,0.300000,0.300000,0,
ab_coarse_000616,completed,0.99525285,0.00099963,16,16,1,1,0.300000,0.300000,0,
ab_coarse_000617,completed,0.93816710,0.00124302,16,16,1,1,0.300000,0.300000,0,
ab_coarse_000618,completed,0.97947192,0.00113392,16,16,1,1,0.300000,0.300000,0,
ab_coarse_000619,completed,0.97655231,0.00121291,16,16,1,1,0.300000,0.300000,0,
ab_coarse_000620,completed,0.96788442,0.00110772,16,16,1,1,0.300000,0.300000,0,
ab_coarse_000621,completed,0.89500910,0.00113233,16,16,1,1,0.300000,0.300000,0,
ab_coarse_000622,completed,0.28009266,0.00067592,16,16,0,0,0.300000,0.300000,0,
ab_coarse_000623,completed,0.91579151,0.00096946,16,16,1,1,0.300000,0.300000,0,
ab_coarse_000624,completed,0.99507254,0.00104590,16,16,1,1,0.300000,0.300000,0,
ab_coarse_000625,completed,0.98964792,0.00103909,16,16,1,1,0.300000,0.300000,0,
ab_coarse_000626,completed,0.99710220,0.00102150,16,16,1,1,0.300000,0.300000,0,
ab_coarse_000627,completed,0.99949861,0.00099060,16,16,1,1,0.300000,0.300000,0,
ab_coarse_000628,completed,0.99960840,0.00098580,16,16,1,1,0.300000,0.300000,0,
ab_coarse_000629,completed,0.99955040,0.00099197,16,16,1,1,0.300000,0.300000,0,
ab_coarse_000630,completed,0.96731371,0.00105513,16,16,1,1,0.300000,0.300000,0,
ab_coarse_000631,completed,0.93828160,0.00099675,16,16,1,1,0.300000,0.300000,0,
ab_coarse_000632,completed,0.79947519,0.00095879,16,16,1,1,0.300000,0.300000,0,
ab_coarse_000633,completed,0.94169098,0.00099136,16,16,1,1,0.300000,0.300000,0,
ab_coarse_000634,completed,0.95623851,0.00107397,16,16,1,1,0.300000,0.300000,0,
ab_coarse_000635,completed,0.97982901,0.00107053,16,16,1,1,0.300000,0.300000,0,
ab_coarse_000636,completed,0.97072840,0.00112391,16,16,1,1,0.300000,0.300000,0,
ab_coarse_000637,completed,0.97844028,0.00112902,16,16,1,1,0.300000,0.300000,0,
ab_coarse_000638,completed,0.99050891,0.00101673,16,16,1,1,0.300000,0.300000,0,
ab_coarse_000639,completed,0.99218678,0.00102226,16,16,1,1,0.300000,0.300000,0,
ab_coarse_000640,completed,0.98326957,0.00103219,16,16,1,1,0.300000,0.300000,0,
ab_coarse_000641,completed,0.53170836,0.00146067,16,16,2,1,0.300000,0.300000,0,
ab_coarse_000642,completed,0.00030105,0.00000052,16,16,0,0,0.300000,0.300000,0,
ab_coarse_000643,completed,0.96514201,0.00103298,16,16,1,1,0.300000,0.300000,0,
ab_coarse_000644,completed,0.93735707,0.00110316,16,16,1,1,0.300000,0.300000,0,
ab_coarse_000645,completed,0.93071491,0.00132712,16,16,1,1,0.300000,0.300000,0,
ab_coarse_000646,completed,0.99988353,0.00098544,16,16,1,1,0.300000,0.300000,0,
ab_coarse_000647,completed,0.99984300,0.00098673,16,16,1,1,0.300000,0.300000,0,
ab_coarse_000648,completed,0.99977767,0.00098016,16,16,1,1,0.300000,0.300000,0,
ab_coarse_000649,completed,0.99746394,0.00100425,16,16,1,1,0.300000,0.300000,0,
ab_coarse_000650,completed,0.95675719,0.00105847,16,16,1,1,0.300000,0.300000,0,
ab_coarse_000651,completed,0.26684770,0.00052575,16,16,0,0,0.300000,0.300000,0,
ab_coarse_000652,completed,0.21116988,0.00063126,16,16,0,0,0.300000,0.300000,0,
ab_coarse_000653,completed,0.33679435,0.00086901,16,16,1,1,0.300000,0.300000,0,
ab_coarse_000654,completed,0.95512795,0.00104241,16,16,1,1,0.300000,0.300000,0,
ab_coarse_000655,completed,0.99513489,0.00102196,16,16,1,1,0.300000,0.300000,0,
ab_coarse_000656,completed,0.98951799,0.00107809,16,16,1,1,0.300000,0.300000,0,
ab_coarse_000657,completed,0.97447884,0.00140094,16,16,1,1,0.300000,0.300000,0,
ab_coarse_000658,completed,0.00038347,0.00000051,16,16,0,0,0.300000,0.300000,0,
ab_coarse_000659,completed,0.00022143,0.00000046,16,16,0,0,0.300000,0.300000,0,
ab_coarse_000660,completed,0.83413494,0.00105737,16,16,1,1,0.300000,0.300000,0,
ab_coarse_000661,completed,0.97250110,0.00101662,16,16,1,1,0.300000,0.300000,0,
ab_coarse_000662,completed,0.99967390,0.00098324,16,16,1,1,0.300000,0.300000,0,
ab_coarse_000663,completed,0.99835521,0.00098664,16,16,1,1,0.300000,0.300000,0,
ab_coarse_000664,completed,0.99895942,0.00101288,16,16,1,1,0.300000,0.300000,0,
ab_coarse_000665,completed,0.99914825,0.00106067,16,16,1,1,0.300000,0.300000,0,
ab_coarse_000666,completed,0.99884331,0.00099679,16,16,1,1,0.300000,0.300000,0,
ab_coarse_000667,completed,0.99891835,0.00099516,16,16,1,1,0.300000,0.300000,0,
ab_coarse_000668,completed,0.98508632,0.00104828,16,16,1,1,0.300000,0.300000,0,
ab_coarse_000669,completed,0.60346991,0.00104908,16,16,1,1,0.300000,0.300000,0,
ab_coarse_000670,completed,0.39747536,0.00098552,16,16,1,1,0.300000,0.300000,0,
ab_coarse_000671,completed,0.00126064,0.00000186,16,16,0,0,0.300000,0.300000,0,
ab_coarse_000672,completed,0.00024992,0.00000047,16,16,0,0,0.300000,0.300000,0,
ab_coarse_000673,completed,0.00105030,0.00000124,16,16,0,0,0.300000,0.300000,0,
ab_coarse_000674,completed,0.96428770,0.00115901,16,16,1,1,0.300000,0.300000,0,
ab_coarse_000675,completed,0.98335302,0.00107525,16,16,1,1,0.300000,0.300000,0,
ab_coarse_000676,completed,0.98132771,0.00103354,16,16,1,1,0.300000,0.300000,0,
ab_coarse_000677,completed,0.99480635,0.00102531,16,16,1,1,0.300000,0.300000,0,
ab_coarse_000678,completed,0.99985981,0.00098308,16,16,1,1,0.300000,0.300000,0,
ab_coarse_000679,completed,0.99073285,0.00107295,16,16,1,1,0.300000,0.300000,0,
ab_coarse_000680,completed,0.99732071,0.00102986,16,16,1,1,0.300000,0.300000,0,
ab_coarse_000681,completed,0.00388035,0.00000485,16,16,0,0,0.300000,0.300000,0,
ab_coarse_000682,completed,0.00013529,0.00000023,16,16,0,0,0.300000,0.300000,0,
ab_coarse_000683,completed,0.00018590,0.00000041,16,16,0,0,0.300000,0.300000,0,
ab_coarse_000684,completed,0.99140185,0.00100422,16,16,1,1,0.300000,0.300000,0,
ab_coarse_000685,completed,0.94942975,0.00111144,16,16,1,1,0.300000,0.300000,0,
ab_coarse_000686,completed,0.66329587,0.00078244,16,16,1,1,0.300000,0.300000,0,
ab_coarse_000687,completed,0.97327584,0.00100512,16,16,1,1,0.300000,0.300000,0,
ab_coarse_000688,completed,0.04241003,0.00005112,16,16,0,0,0.300000,0.300000,0,
ab_coarse_000689,completed,0.00094655,0.00000137,16,16,0,0,0.300000,0.300000,0,
ab_coarse_000690,completed,0.02830604,0.00002983,16,16,0,0,0.300000,0.300000,0,
ab_coarse_000691,completed,0.90379107,0.00114364,16,16,1,1,0.300000,0.300000,0,
ab_coarse_000692,completed,0.00005035,0.00000010,16,16,0,0,0.300000,0.300000,0,
