Agency,Fire_Name,Hectares__Ha_,Latitude,Longitude,ObjectId,Stage_of_Control,Start_Date,Time_Zone,latitude,longitude,response_type
BC,2025_BC_2025-C22340,7.5,51.606,-122.2334,1345,UC,1773821580000,,51.606,-122.2334,FUL
BC,2025_BC_2025-C22373,0.009,51.935,-122.9544,1348,UC,1774976400000,,51.935,-122.9544,FUL
BC,2025_BC_2025-V32337,0.1,50.5273,-122.4817,1355,UC,1773657180000,,50.5273,-122.4817,MON
BC,2025_BC_2025-C22352,28,51.335,-122.314,1358,UC,1774277220000,,51.335,-122.314,MOD
YT,2026_YT_2026HJ001,1,61.4327,-137.0263,1361,BH,1775771640000,,61.4327,-137.0263,MON
BC,2026_BC_2026-V10108,64,49.764,-121.4316,1494,UC,1776946620000,,49.764,-121.4316,MON
BC,2026_BC_2026-G90285,1.44,58.3549,-123.9409,1741,BH,1778233080000,,58.3549,-123.9409,MOD
PC,2026_PC_2026WB3,2.2,60.3469,-113.1578,1994,BH,1779408420000,,60.3469,-113.1578,FUL
PC,2026_PC_2026WB4,51780,60.354,-113.1068,1996,BH,1779408960000,,60.354,-113.1068,FUL
BC,2026_BC_2026-G90400,0.2,59.506,-120.225,1999,BH,1779383580000,,59.506,-120.225,MON
QC,2020_QC_165,0.8,45.9136,-75.7269,2113,UC,1590532320000,,45.9136,-75.7269,FUL
PC,2026_PC_2026WB6,659,59.4312,-113.3894,2124,OC,1779994080000,,59.4312,-113.3894,MOD
PC,2026_PC_2026WB7,35,59.2882,-113.6355,2141,OC,1780011780000,,59.2882,-113.6355,MOD
PC,2026_PC_2026WB8,1357,58.9658,-112.8549,2205,BH,1780170540000,,58.9658,-112.8549,MOD
PC,2026_PC_2026WB9,760,60.5578,-113.0924,2236,BH,1780162680000,,60.5578,-113.0924,MOD
ON,2026_ON_TIM_FIRE_009,3151,47.7841,-81.7268,2240,UC,1780259580000,,47.7841,-81.7268,FUL
ON,2026_ON_DRY_FIRE_013,14333,50.242,-89.8954,2245,BH,1780259640000,,50.242,-89.8954,MON
MB,2026_MB_MB-WE021,7945.3,55.3797,-100.4022,2270,BH,1780290000000,,55.3797,-100.4022,MOD
ON,2026_ON_RED_FIRE_006,235,52.189,-94.13,2273,UC,1780345500000,,52.189,-94.13,MON
BC,2026_BC_2026-C10467,1815,53.3526,-124.1463,2290,UC,1780326420000,,53.3526,-124.1463,FUL
MB,2026_MB_MB-NO011,500,58.5308,-98.7728,2294,OC,1780290000000,,58.5308,-98.7728,MON
MB,2026_MB_MB-NO012,500,58.7008,-97.1925,2295,OC,1780290000000,,58.7008,-97.1925,MON
MB,2026_MB_MB-NO013,500,58.6247,-97.0297,2296,OC,1780290000000,,58.6247,-97.0297,MON
MB,2026_MB_MB-NO014,1800,53.3294,-94.6175,2297,OC,1780290000000,,53.3294,-94.6175,MON
MB,2026_MB_MB-NO015,360,53.1803,-95.565,2298,OC,1780290000000,,53.1803,-95.565,MON
MB,2026_MB_MB-NO009,100,57.9569,-100.0939,2300,OC,1780290000000,,57.9569,-100.0939,MON
MB,2026_MB_MB-NO010,100,58.6014,-99.0403,2301,OC,1780290000000,,58.6014,-99.0403,MON
MB,2026_MB_MB-NO016,900,53.8917,-96.0531,2304,OC,1780290000000,,53.8917,-96.0531,MON
NT,2026_NT_SS001-26,5,61.3699,-117.5968,2306,UC,1778385600000,,61.3699,-117.5968,FUL
MB,2026_MB_MB-WE027,275.3,55.2836,-101.9058,2321,OC,1780376400000,,55.2836,-101.9058,MON
AB,2026_AB_HWF-003-2026,0.01,58.528,-115.1647,2402,UC,1775052000000,,58.528,-115.1647,MON
AB,2026_AB_WWF-017-2026,51.5,54.0781,-115.592,2405,UC,1778512260000,,54.0781,-115.592,FUL
AB,2026_AB_HWF-005-2026,0.01,58.4774,-114.521,2409,UC,1777142880000,,58.4774,-114.521,FUL
AB,2026_AB_RWF-036-2026,957.19,51.8803,-115.1532,2416,UC,1778763780000,,51.8803,-115.1532,MON
AB,2026_AB_SWF-039-2026,0.5,55.042,-116.0313,2429,UC,1780506180000,,55.042,-116.0313,MOD
AB,2026_AB_LWF-060-2026,1116,56.0794,-111.0184,2436,UC,1780070220000,,56.0794,-111.0184,MON
NT,2026_NT_SS004-26,737,60.539,-113.0642,2444,BH,1780524000000,,60.539,-113.0642,MOD
SK,2026_SK_26LA-DUCK,465,55.6558,-104.5533,2465,OC,1780688820000,,55.6558,-104.5533,MOD
SK,2026_SK_26LA-SMITH,21,56.8853,-102.5591,2468,OC,1780695780000,,56.8853,-102.5591,MOD
YT,2026_YT_2026XY011,950,61.6047,-134.6167,2469,OC,1780712760000,,61.6047,-134.6167,MON
MB,2026_MB_MB-NO019,7000,56.3392,-99.7133,2482,OC,1780722000000,,56.3392,-99.7133,MOD
SK,2026_SK_26LA-MCLEOD,34,56.767,-103.913,2487,OC,1780867440000,,56.767,-103.913,MOD
MB,2026_MB_MB-NO021,200,56.7206,-91.5728,2499,OC,1780981200000,,56.7206,-91.5728,MON
ON,2026_ON_COC_FIRE_007,30,55.5315,-88.1636,2503,OC,1781027880000,,55.5315,-88.1636,MON
SK,2026_SK_26DB-BORDER,9091,55.2883,-101.908,2505,OC,1780433400000,,55.2883,-101.908,MOD
MB,2026_MB_MB-NO024,900,55.0986,-92.3136,2512,OC,1780981200000,,55.0986,-92.3136,MON
MB,2026_MB_MB-NO023,65,56.8558,-90.5031,2513,OC,1780981200000,,56.8558,-90.5031,MON
NT,2026_NT_FS001-26,47,61.8479,-123.4119,2516,OC,1781130660000,,61.8479,-123.4119,MON
BC,2026_BC_2026-G80488,0.001,57.3934,-122.7395,2519,UC,1780490700000,,57.3934,-122.7395,FUL
NT,2026_NT_VQ001-26,16006,64.998,-127.1543,2532,OC,1781393400000,,64.998,-127.1543,FUL
NT,2026_NT_FS002-26,10,63.205,-121.5366,2533,BH,1781396100000,,63.205,-121.5366,FUL
NT,2026_NT_VQ002-26,17878,65.1534,-127.2627,2534,OC,1781397540000,,65.1534,-127.2627,FUL
BC,2026_BC_2026-R50553,30.2,54.6218,-127.9681,2539,UC,1781433240000,,54.6218,-127.9681,FUL
SK,2026_SK_26LA-TIKAN,81,55.3919,-104.3312,2542,OC,1781464500000,,55.3919,-104.3312,MON
SK,2026_SK_26DB-ARM,137,54.9386,-103.3036,2543,OC,1781467260000,,54.9386,-103.3036,MOD
NT,2026_NT_VQ003-26,2980,66.0554,-125.4617,2547,OC,1781480040000,,66.0554,-125.4617,MOD
PC,2026_PC_2026NA1,68,61.1535,-125.0664,2548,OC,1781482920000,,61.1535,-125.0664,MON
NT,2026_NT_SS005-26,38,60.9059,-118.533,2551,BH,1781481600000,,60.9059,-118.533,FUL
SK,2026_SK_26LA-PAUL,67,56.0876,-104.8486,2560,OC,1781552040000,,56.0876,-104.8486,MOD
SK,2026_SK_26LA-WHEELER,40,57.505,-104.7865,2561,OC,1781544720000,,57.505,-104.7865,MOD
BC,2026_BC_2026-K60575,74.2,49.5512,-120.8786,2568,UC,1781623260000,,49.5512,-120.8786,MON
NT,2026_NT_VQ004-26,6180,66.4248,-126.453,2571,OC,1781648100000,,66.4248,-126.453,MON
NT,2026_NT_VQ005-26,0.5,66.7428,-125.5003,2578,UC,1781661900000,,66.7428,-125.5003,FUL
QC,2026_QC_215,7167.8,52.315,-69.7017,2585,OC,1781715360000,,52.315,-69.7017,MON
BC,2026_BC_2026-K70597,663,50.1965,-121.5728,2605,UC,1781887560000,,50.1965,-121.5728,MON
QC,2026_QC_223,10807.3,53.5389,-78.4275,2609,OC,1781912040000,,53.5389,-78.4275,MOD
QC,2026_QC_224,1493.6,52.7825,-78.0136,2610,OC,1781897640000,,52.7825,-78.0136,MON
QC,2026_QC_226,361.7,53.3767,-72.9383,2611,OC,1781893380000,,53.3767,-72.9383,MON
QC,2026_QC_225,23123.7,53.97,-75.1828,2613,OC,1781898180000,,53.97,-75.1828,MON
QC,2026_QC_227,1163.2,53.7397,-73.0103,2614,OC,1781894940000,,53.7397,-73.0103,MON
QC,2026_QC_232,12.3,54.2289,-77.6792,2615,OC,1781897220000,,54.2289,-77.6792,MON
QC,2026_QC_231,0,52.7236,-70.7144,2616,OC,1781811000000,,52.7236,-70.7144,MON
ON,2026_ON_FOR_FIRE_013,8,48.2768,-91.3078,2617,OC,1781982540000,,48.2768,-91.3078,MOD
QC,2026_QC_230,96.7,52.5036,-71.1092,2619,OC,1781811000000,,52.5036,-71.1092,MON
QC,2026_QC_233,4.7,54.3361,-77.6297,2620,OC,1781898480000,,54.3361,-77.6297,MON
QC,2026_QC_229,27.4,54.0144,-75.4153,2621,OC,1781898480000,,54.0144,-75.4153,MON
QC,2026_QC_234,15055,54.9411,-77.2142,2626,OC,1781892120000,,54.9411,-77.2142,MON
YT,2026_YT_2026CA006,10,62.3476,-136.5442,2630,UC,1782015600000,,62.3476,-136.5442,FUL
QC,2026_QC_236,33.7,53.3839,-73.5533,2632,OC,1781984520000,,53.3839,-73.5533,MON
SK,2026_SK_26LA-WARREN,245,57.4995,-102.4852,2635,OC,1782069240000,,57.4995,-102.4852,MOD
YT,2026_YT_2026DA006,35,63.8296,-139.4531,2636,UC,1782077100000,,63.8296,-139.4531,FUL
YT,2026_YT_2026MA003,35,64.082,-135.79,2637,UC,1782082140000,,64.082,-135.79,FUL
PC,2026_PC_2026WB13,0.5,58.9511,-113.9045,2639,UC,1782086940000,,58.9511,-113.9045,FUL
YT,2026_YT_2026DA008,13,63.5523,-139.5714,2643,OC,1782091980000,,63.5523,-139.5714,MON
YT,2026_YT_2026DA011,2,63.6578,-140.1722,2644,OC,1782098880000,,63.6578,-140.1722,MON
YT,2026_YT_2026DA012,0.5,64.0633,-138.1352,2647,OC,1782105120000,,64.0633,-138.1352,MON
ON,2026_ON_FOR_FIRE_012,3.8,48.1657,-91.3383,2650,OC,1781551320000,,48.1657,-91.3383,MOD
QC,2026_QC_237,24.8,52.5686,-74.3186,2651,OC,1782127080000,,52.5686,-74.3186,MON
ON,2026_ON_SLK_FIRE_001,17248.1,51.7106,-91.4708,2652,OC,1780169040000,,51.7106,-91.4708,MOD
ON,2026_ON_RED_FIRE_003,5254.2,52.0631,-93.0561,2653,OC,1780155240000,,52.0631,-93.0561,MOD
QC,2026_QC_238,0,53.0828,-71.1353,2654,OC,1781805780000,,53.0828,-71.1353,MON
ON,2026_ON_SLK_FIRE_003,25,54.4933,-91.3665,2655,OC,1781031120000,,54.4933,-91.3665,MOD
ON,2026_ON_FOR_FIRE_011,4,48.4089,-91.6317,2656,OC,1780783680000,,48.4089,-91.6317,MOD
YT,2026_YT_2026DA013,82,63.1663,-140.1358,2657,OC,1782150720000,,63.1663,-140.1358,MON
NT,2026_NT_EV005-26,10.766,68.5488,-131.2035,2658,OC,1782082020000,,68.5488,-131.2035,MON
NT,2026_NT_EV006-26,16,65.7252,-131.6022,2659,OC,1781478780000,,65.7252,-131.6022,MON
NT,2026_NT_EV004-26,97.52,68.537,-131.1143,2660,OC,1782082020000,,68.537,-131.1143,MON
NT,2026_NT_EV002-26,197.91,68.4578,-131.1537,2661,OC,1782082020000,,68.4578,-131.1537,MON
NT,2026_NT_EV003-26,102.26,68.4895,-131.1347,2662,OC,1782082020000,,68.4895,-131.1347,MON
QC,2026_QC_239,22.3,52.7933,-71.7606,2663,OC,1781974800000,,52.7933,-71.7606,MON
NT,2026_NT_EV001-26,79.809,68.434,-131.1802,2664,OC,1782082020000,,68.434,-131.1802,MON
YT,2026_YT_2026DA016,0.09,63.4906,-140.0357,2666,OC,1782163800000,,63.4906,-140.0357,MON
YT,2026_YT_2026DA015,4,63.7149,-138.5275,2670,OC,1782161220000,,63.7149,-138.5275,FUL
QC,2026_QC_240,17.1,53.6283,-72.65,2672,OC,1782151200000,,53.6283,-72.65,MON
QC,2026_QC_241,1359,53.8892,-75.7694,2675,OC,1782129600000,,53.8892,-75.7694,MON
YT,2026_YT_2026OC001,3,66.3642,-139.8921,2678,OC,1782182820000,,66.3642,-139.8921,MON
YT,2026_YT_2026OC002,3,66.5944,-138.4373,2681,OC,1782183420000,,66.5944,-138.4373,MON
QC,2026_QC_243,18,55.2458,-76.0678,2685,OC,1781892720000,,55.2458,-76.0678,MON
QC,2026_QC_242,33.5,54.8222,-75.1589,2687,OC,1781892000000,,54.8222,-75.1589,MON
NT,2026_NT_EV007-26,0.25,68.456,-131.1042,2689,OC,1782239940000,,68.456,-131.1042,MON
QC,2026_QC_248,117.3,53.6722,-73.4181,2691,OC,1782247200000,,53.6722,-73.4181,MON
QC,2026_QC_244,4286.7,54.0997,-72.4136,2692,OC,1782187260000,,54.0997,-72.4136,MOD
QC,2023_QC_246,4.7,55.1556,-71.2486,2693,OC,1687521600000,,55.1556,-71.2486,MON
QC,2026_QC_247,66.7,55.1956,-71.275,2697,OC,1782245640000,,55.1956,-71.275,MON
QC,2023_QC_245,1220.4,53.8775,-72.8983,2698,OC,1687521600000,,53.8775,-72.8983,MON
SK,2026_SK_26LA-STUSIAK,0.5,55.6867,-105.3082,2700,OC,1782240300000,,55.6867,-105.3082,MOD
NT,2026_NT_FS007-26,40,63.0755,-124.0817,2704,OC,1782253440000,,63.0755,-124.0817,FUL
QC,2026_QC_250,25.2,53.4286,-76.5139,2707,OC,1782255600000,,53.4286,-76.5139,MON
QC,2026_QC_249,4543.1,54.3186,-72.6714,2708,OC,1782251400000,,54.3186,-72.6714,MON
NT,2026_NT_FS008-26,150,63.5983,-123.1605,2710,OC,1782257580000,,63.5983,-123.1605,MON
YT,2026_YT_2026OC005,1.5,66.9742,-140.5171,2715,OC,1782260880000,,66.9742,-140.5171,MON
NT,2026_NT_FS009-26,9000,61.7853,-122.1872,2719,OC,1782270720000,,61.7853,-122.1872,FUL
NT,2026_NT_SS006-26,3,60.6108,-114.0498,2722,BH,1782260640000,,60.6108,-114.0498,FUL
YT,2026_YT_2026OC004,5,66.8194,-138.6362,2723,OC,1782252000000,,66.8194,-138.6362,MON
YT,2026_YT_2026OC003,150,66.5765,-136.3669,2724,OC,1782243360000,,66.5765,-136.3669,MON
AB,2026_AB_HWF-051-2026,4,58.7813,-115.4857,2726,UC,1782241140000,,58.7813,-115.4857,FUL
NL,2026_NL_604,8,53.027,-66.3901,2729,UC,1782181800000,,53.027,-66.3901,FUL
QC,2026_QC_252,468.7,54.7494,-76.4675,2731,OC,1782255420000,,54.7494,-76.4675,MON
PC,2026_PC_2026WB14,1006,60.3429,-113.7093,2732,OC,1782320940000,,60.3429,-113.7093,FUL
MB,2026_MB_MB-NO025,1,56.5647,-98.9731,2733,UC,1782190800000,,56.5647,-98.9731,FUL
NT,2026_NT_FS010-26,16.8,61.4044,-122.9917,2734,OC,1782271440000,,61.4044,-122.9917,FUL
QC,2026_QC_253,18.2,51.8139,-69.8936,2735,OC,1782236760000,,51.8139,-69.8936,MON
PC,2026_PC_2026WB15,0.2,60.36,-113.96,2736,OC,1782324120000,,60.36,-113.96,MON
NT,2026_NT_SS007-26,275,61.2357,-105.8129,2737,OC,1782250500000,,61.2357,-105.8129,MON
MB,2026_MB_MB-WE032,72.5,54.4867,-100.0494,2742,UC,1782277200000,,54.4867,-100.0494,FUL
BC,2026_BC_2026-C20653,0.1,52.1289,-121.9301,2745,UC,1782301800000,,52.1289,-121.9301,FUL
NT,2026_NT_FS011-26,0.1,61.3938,-121.6993,2746,OC,1782335640000,,61.3938,-121.6993,FUL
SK,2026_SK_26SR-CORSON,2750,58.7552,-103.7817,2749,OC,1782336540000,,58.7552,-103.7817,MOD
SK,2026_SK_26LA-COWIE,124,57.186,-102.7275,2751,OC,1782330780000,,57.186,-102.7275,MOD
QC,2026_QC_254,2090.9,53.3522,-71.7594,2752,OC,1782229380000,,53.3522,-71.7594,MON
SK,2026_SK_26SR-FORSYTH,29.8,58.6291,-104.6904,2753,OC,1782332820000,,58.6291,-104.6904,MOD
SK,2026_SK_26SR-DAUK,650.4,58.1842,-102.2521,2763,OC,1782347100000,,58.1842,-102.2521,MOD
BC,2026_BC_2026-K70659,50,50.5986,-121.9185,2765,OC,1782308640000,,50.5986,-121.9185,MON
SK,2026_SK_26LA-STEIN,30,57.2983,-105.148,2767,OC,1782342600000,,57.2983,-105.148,MOD
AB,2026_AB_MWF-028-2026,17.73,57.1655,-112.1519,2769,UC,1782320160000,,57.1655,-112.1519,FUL
SK,2026_SK_26SR-DURANT,3421,58.5709,-104.3733,2770,OC,1782340020000,,58.5709,-104.3733,MOD
SK,2026_SK_26SR-PHILLIPS,5000,58.7098,-103.6821,2778,OC,1782334980000,,58.7098,-103.6821,MOD
SK,2026_SK_26SR-KERSLAKE,4500,58.2664,-102.7021,2780,OC,1782345900000,,58.2664,-102.7021,MOD
AB,2026_AB_HWF-074-2026,34.4,58.5723,-117.5077,2791,UC,1782336780000,,58.5723,-117.5077,FUL
BC,2026_BC_2026-V10674,0.009,49.1693,-120.9873,2795,BH,1782322980000,,49.1693,-120.9873,MON
BC,2026_BC_2026-V30675,6.5,50.1866,-122.8915,2798,UC,1782322920000,,50.1866,-122.8915,MON
YT,2026_YT_2026DA018,0,64.3282,-140.9694,2802,OC,1782347640000,,64.3282,-140.9694,FUL
BC,2026_BC_2026-V10673,0.009,49.1644,-120.9991,2805,BH,1782322320000,,49.1644,-120.9991,MON
YT,2026_YT_2026XY017,5,61.5533,-134.9428,2819,OC,1782360360000,,61.5533,-134.9428,MON
MB,2026_MB_MB-NO030,15,58.0631,-101.5581,2825,OC,1782277200000,,58.0631,-101.5581,MON
MB,2026_MB_MB-NO026,20,58.8128,-102.0008,2826,OC,1782277200000,,58.8128,-102.0008,MOD
MB,2026_MB_MB-NO033,5,56.9956,-100.9317,2827,BH,1782277200000,,56.9956,-100.9317,FUL
MB,2026_MB_MB-NO035,300,57.96,-100.5072,2829,OC,1782277200000,,57.96,-100.5072,MON
MB,2026_MB_MB-NO032,0.1,56.5697,-100.2867,2830,OC,1782277200000,,56.5697,-100.2867,MON
MB,2026_MB_MB-NO029,300,57.9269,-101.55,2831,BH,1782277200000,,57.9269,-101.55,FUL
MB,2026_MB_MB-NO034,100,57.6308,-100.7383,2832,OC,1782277200000,,57.6308,-100.7383,MON
MB,2026_MB_MB-NO031,100,57.3153,-97.885,2833,OC,1782277200000,,57.3153,-97.885,MON
QC,2026_QC_246,5439.2,55.1556,-71.2486,2835,OC,1782216000000,,55.1556,-71.2486,MON
QC,2026_QC_259,7.5,53.1403,-73.6675,2836,OC,1782245220000,,53.1403,-73.6675,MON
MB,2026_MB_MB-NO028,10000,55.4344,-98.7372,2837,OC,1782277200000,,55.4344,-98.7372,FUL
MB,2026_MB_MB-NO027,7300,55.6353,-99.0464,2838,OC,1782277200000,,55.6353,-99.0464,FUL
QC,2026_QC_245,8950,53.8775,-72.8983,2839,OC,1782216000000,,53.8775,-72.8983,MON
SK,2026_SK_26SR-HEWGILL,6250,59.3971,-102.8936,2840,OC,1782325920000,,59.3971,-102.8936,MOD
PC,2026_PC_2026NA2,146,61.6639,-124.0087,2841,OC,1782409440000,,61.6639,-124.0087,MON
QC,2026_QC_261,19.3,55.01,-73.9247,2842,OC,1781889900000,,55.01,-73.9247,MON
MB,2026_MB_MB-NO037,300,58.0936,-99.1733,2843,OC,1782363600000,,58.0936,-99.1733,MON
MB,2026_MB_MB-NO036,300,58.6611,-101.72,2844,OC,1782363600000,,58.6611,-101.72,MON
SK,2026_SK_26BN-BEKKETTI,5,56.94,-108.5377,2845,OC,1782402120000,,56.94,-108.5377,MOD
MB,2026_MB_MB-NO042,5,59.2503,-97.5239,2846,OC,1782363600000,,59.2503,-97.5239,MON
QC,2026_QC_260,103.3,53.8883,-72.1561,2847,OC,1782388800000,,53.8883,-72.1561,MON
NT,2026_NT_SS008-26,2000,60.156,-117.3193,2848,OC,1782345600000,,60.156,-117.3193,MON
MB,2026_MB_MB-NO039,50,58.0958,-101.9314,2849,OC,1782363600000,,58.0958,-101.9314,MON
MB,2026_MB_MB-NO040,10,58.8808,-98.7772,2850,OC,1782363600000,,58.8808,-98.7772,MON
MB,2026_MB_MB-NO041,90,59.0867,-97.5753,2851,OC,1782363600000,,59.0867,-97.5753,MON
SK,2026_SK_26SR-GOYER,592.9,59.9594,-102.5869,2852,OC,1782336660000,,59.9594,-102.5869,MOD
AB,2026_AB_HWF-075-2026,2,58.4726,-114.637,2853,UC,1782386400000,,58.4726,-114.637,FUL
MB,2026_MB_MB-NO038,0.1,57.57,-100.5633,2854,OC,1782363600000,,57.57,-100.5633,MON
NT,2026_NT_FS013-26,5,61.265,-122.9675,2855,OC,1782418260000,,61.265,-122.9675,MOD
SK,2026_SK_26DB-MCINNIS,4771,55.978,-102.6901,2856,OC,1782414900000,,55.978,-102.6901,MOD
MB,2026_MB_MB-WE034,2,55.0658,-99.2228,2858,OC,1782363600000,,55.0658,-99.2228,MON
NT,2026_NT_FS012-26,0.1,61.4165,-121.6966,2859,OC,1782417420000,,61.4165,-121.6966,FUL
QC,2026_QC_265,70.3,52.2914,-76.3306,2862,OC,1782388800000,,52.2914,-76.3306,MON
NT,2026_NT_VQ008-26,10,67.3834,-127.8687,2864,OC,1782350160000,,67.3834,-127.8687,MON
MB,2026_MB_MB-WE037,1,55.1497,-99.2872,2865,OC,1782363600000,,55.1497,-99.2872,MON
SK,2026_SK_26LX-DUROCHER,10,55.0647,-107.8968,2866,UC,1782419700000,,55.0647,-107.8968,FUL
MB,2026_MB_MB-WE036,4,55.1836,-99.2036,2867,OC,1782363600000,,55.1836,-99.2036,MON
QC,2026_QC_262,16.2,53.0614,-72.6472,2869,OC,1781892180000,,53.0614,-72.6472,MON
SK,2026_SK_26SR-BABICHE,1800,58.9535,-103.6959,2870,OC,1782412740000,,58.9535,-103.6959,MOD
SK,2026_SK_26SR-PINE,13780,58.4197,-106.6479,2872,OC,1782418380000,,58.4197,-106.6479,MOD
MB,2026_MB_MB-WE035,832.6,55.1708,-99.3303,2874,OC,1782363600000,,55.1708,-99.3303,MON
NT,2026_NT_VQ006-26,50,65.9224,-125.7598,2875,OC,1782226800000,,65.9224,-125.7598,MON
AB,2026_AB_HWF-079-2026,280,59.3892,-115.035,2879,BH,1782400020000,,59.3892,-115.035,FUL
NT,2026_NT_VQ007-26,100,65.9759,-125.7492,2880,OC,1782226800000,,65.9759,-125.7492,MON
SK,2026_SK_26DB-CHURCH,12,55.5835,-102.2895,2881,OC,1782427920000,,55.5835,-102.2895,MOD
SK,2026_SK_26SR-KALHEIM,2050,58.8119,-102.0084,2882,OC,1782427680000,,58.8119,-102.0084,MOD
MB,2026_MB_MB-NO046,0.8,56.9328,-101.4481,2883,OC,1782363600000,,56.9328,-101.4481,MON
MB,2026_MB_MB-NO048,500,55.7425,-99.1142,2884,BH,1782363600000,,55.7425,-99.1142,FUL
NT,2026_NT_SS009-26,200,60.0259,-116.9777,2888,OC,1782419580000,,60.0259,-116.9777,FUL
PC,2026_PC_2026WB19,1280,60.209,-113.3417,2889,OC,1782436320000,,60.209,-113.3417,MOD
PC,2026_PC_2026WB18,4730,59.4904,-114.6718,2890,OC,1782349800000,,59.4904,-114.6718,MOD
SK,2026_SK_26LF-DOWD,80,54.5784,-104.7138,2891,OC,1782431100000,,54.5784,-104.7138,FUL
MB,2026_MB_MB-NO045,130,57.0961,-101.5508,2893,OC,1782363600000,,57.0961,-101.5508,MON
NT,2026_NT_VQ009-26,50,67.4267,-129.3045,2895,OC,1782264600000,,67.4267,-129.3045,MON
MB,2026_MB_MB-NO052,0.8,54.7525,-97.7267,2897,OC,1782363600000,,54.7525,-97.7267,MON
MB,2026_MB_MB-NO050,5173,56.665,-100.8722,2898,OC,1782363600000,,56.665,-100.8722,FUL
NT,2026_NT_SS010-26,1,60.0427,-116.2067,2900,OC,1782428100000,,60.0427,-116.2067,FUL
PC,2026_PC_2026WB17,2795,60.0874,-113.9371,2901,OC,1782435840000,,60.0874,-113.9371,MOD
ON,2026_ON_NIP_FIRE_012,1110,53.5811,-88.9357,2904,OC,1782423720000,,53.5811,-88.9357,FUL
MB,2026_MB_MB-NO053,150,56.6764,-97.7658,2905,OC,1782363600000,,56.6764,-97.7658,MON
SK,2026_SK_26LA-GULAK,30,56.3311,-103.0408,2907,OC,1782430500000,,56.3311,-103.0408,MOD
SK,2026_SK_26LA-WAPA,174,54.8685,-104.2752,2908,OC,1782425820000,,54.8685,-104.2752,MOD
ON,2026_ON_RED_FIRE_010,1,52.3636,-94.7116,2910,OC,1782425100000,,52.3636,-94.7116,MON
SK,2026_SK_26SR-TACHE,100,59.9156,-104.6344,2912,OC,1782426840000,,59.9156,-104.6344,MOD
MB,2026_MB_MB-NO051,0.5,55.4208,-98.1586,2913,UC,1782363600000,,55.4208,-98.1586,FUL
ON,2026_ON_RED_FIRE_009,450,52.3615,-94.666,2917,OC,1782424620000,,52.3615,-94.666,MON
PC,2026_PC_2026WB16,2659,58.9558,-113.6464,2918,OC,1782349260000,,58.9558,-113.6464,MOD
NT,2026_NT_VQ013-26,50,64.5432,-124.3381,2920,OC,1782264900000,,64.5432,-124.3381,MON
NT,2026_NT_VQ011-26,10,66.2198,-130.2763,2921,OC,1782340200000,,66.2198,-130.2763,MON
NT,2026_NT_VQ014-26,1,64.3003,-123.6039,2923,OC,1782340200000,,64.3003,-123.6039,MON
SK,2026_SK_26DB-MADDEN,3303,55.4799,-103.3844,2925,OC,1782440640000,,55.4799,-103.3844,MOD
NT,2026_NT_VQ010-26,50,66.9239,-131.317,2926,OC,1782264120000,,66.9239,-131.317,MON
NT,2026_NT_VQ012-26,100,64.3382,-126.3087,2928,OC,1782265020000,,64.3382,-126.3087,MON
SK,2026_SK_26LX-COSTIGAN,3867,56.89,-106.05,2931,OC,1782427020000,,56.89,-106.05,MOD
NL,2026_NL_605,5630,52.4064,-66.1111,2938,OC,1782354600000,,52.4064,-66.1111,MON
MB,2026_MB_MB-NO066,10,58.9828,-100.1422,2939,OC,1782363600000,,58.9828,-100.1422,MON
MB,2026_MB_MB-NO055,4,57.0656,-100.7153,2940,OC,1782363600000,,57.0656,-100.7153,FUL
MB,2026_MB_MB-NO067,34,59.4164,-100.9147,2942,OC,1782363600000,,59.4164,-100.9147,MON
MB,2026_MB_MB-NO070,20,58.0711,-98.4203,2943,OC,1782363600000,,58.0711,-98.4203,MON
MB,2026_MB_MB-NO068,40,59.7592,-100.7753,2944,OC,1782363600000,,59.7592,-100.7753,MON
MB,2026_MB_MB-NO063,70,58.9667,-98.7797,2945,OC,1782363600000,,58.9667,-98.7797,MON
MB,2026_MB_MB-NO060,0.1,57.0633,-101.1256,2946,OC,1782363600000,,57.0633,-101.1256,MON
MB,2026_MB_MB-NO064,70,58.8703,-98.9511,2947,OC,1782363600000,,58.8703,-98.9511,MON
MB,2026_MB_MB-NO059,38,57.0808,-100.4844,2948,OC,1782363600000,,57.0808,-100.4844,MON
MB,2026_MB_MB-NO069,5,57.5425,-101.3961,2949,OC,1782363600000,,57.5425,-101.3961,MON
MB,2026_MB_MB-NO065,45,58.8094,-99.6133,2950,OC,1782363600000,,58.8094,-99.6133,MON
MB,2026_MB_MB-NO062,75,59.2475,-98.9308,2951,OC,1782363600000,,59.2475,-98.9308,MON
MB,2026_MB_MB-NO047,5,54.8933,-94.0144,2952,UC,1782363600000,,54.8933,-94.0144,FUL
NT,2026_NT_SS011-26,5700,61.2975,-103.8812,2953,OC,1782310860000,,61.2975,-103.8812,MON
QC,2026_QC_271,100.3,51.605,-78.3261,2954,OC,1782388800000,,51.605,-78.3261,MON
MB,2026_MB_MB-NO072,1500,58.7597,-101.4506,2955,OC,1782450000000,,58.7597,-101.4506,MOD
NT,2026_NT_EV008-26,500,65.3428,-131.1312,2956,OC,1782250740000,,65.3428,-131.1312,MON
MB,2026_MB_MB-NO075,3,56.45,-95.57,2957,OC,1782450000000,,56.45,-95.57,MOD
MB,2026_MB_MB-WE038,204,54.3533,-100.7911,2958,OC,1782363600000,,54.3533,-100.7911,FUL
MB,2026_MB_MB-NO073,370,58.6919,-100.9928,2959,OC,1782450000000,,58.6919,-100.9928,MON
MB,2026_MB_MB-NO056,0.1,53.905,-94.6186,2960,OC,1782363600000,,53.905,-94.6186,MON
MB,2026_MB_MB-NO071,10,54.6069,-93.6247,2961,OC,1782363600000,,54.6069,-93.6247,MON
QC,2023_QC_270,2730.5,53.1167,-69.1489,2962,OC,1685016000000,,53.1167,-69.1489,MON
SK,2026_SK_26DB-STRINGER,6,54.5122,-102.6919,2963,OC,1782488940000,,54.5122,-102.6919,FUL
NT,2026_NT_ZF006-26,18,62.8371,-102.6043,2965,OC,1782251340000,,62.8371,-102.6043,MON
MB,2026_MB_MB-NO076,10,56.2617,-101.3053,2966,OC,1782450000000,,56.2617,-101.3053,MON
NT,2026_NT_ZF008-26,86,62.3672,-104.7579,2967,OC,1782328800000,,62.3672,-104.7579,MON
SK,2026_SK_26LA-MCDONALD,2522,56.1072,-102.9605,2971,OC,1782498540000,,56.1072,-102.9605,MOD
NT,2026_NT_ZF007-26,60,62.208,-104.8672,2972,OC,1782328620000,,62.208,-104.8672,MON
NT,2026_NT_FS014-26,1577,61.5054,-121.3981,2973,OC,1782440100000,,61.5054,-121.3981,FUL
MB,2026_MB_MB-NO054,15,58.9758,-99.9819,2974,OC,1782363600000,,58.9758,-99.9819,FUL
MB,2026_MB_MB-NO058,40,55.4194,-97.1617,2975,OC,1782363600000,,55.4194,-97.1617,MON
QC,2026_QC_273,2.8,51.4889,-69.3061,2976,OC,1782499800000,,51.4889,-69.3061,MON
SK,2026_SK_26LA-RUTH,25,57.3958,-103.2514,2978,OC,1782503400000,,57.3958,-103.2514,MOD
SK,2026_SK_26LA-OLIVER,25,57.0186,-103.2968,2980,OC,1782505860000,,57.0186,-103.2968,MOD
QC,2026_QC_274,3506.9,52.0442,-68.8436,2981,OC,1782501840000,,52.0442,-68.8436,MON
QC,2026_QC_275,37.4,52.0986,-69.0044,2982,OC,1782235620000,,52.0986,-69.0044,MON
MB,2026_MB_MB-NO074,10,54.4625,-97.1464,2983,OC,1782450000000,,54.4625,-97.1464,MON
QC,2026_QC_276,1741.2,51.0622,-70.5292,2984,OC,1782489600000,,51.0622,-70.5292,MON
QC,2026_QC_278,9.6,49.7433,-79.225,2985,UC,1782496200000,,49.7433,-79.225,FUL
ON,2026_ON_RED_FIRE_012,30,52.703,-94.4762,2986,OC,1782504240000,,52.703,-94.4762,MON
ON,2026_ON_SLK_FIRE_009,58,51.1584,-90.8899,2987,OC,1782505740000,,51.1584,-90.8899,FUL
QC,2026_QC_279,1.2,49.7861,-78.9417,2988,UC,1782495480000,,49.7861,-78.9417,FUL
ON,2026_ON_SLK_FIRE_011,24.3,51.5719,-89.9503,2989,OC,1782507000000,,51.5719,-89.9503,FUL
NT,2026_NT_ZF009-26,5,62.342,-102.3754,2991,OC,1782394500000,,62.342,-102.3754,MON
AB,2026_AB_HWF-083-2026,71,58.1602,-114.5366,2992,BH,1782484980000,,58.1602,-114.5366,FUL
QC,2026_QC_280,50.3,51.4203,-70.4125,2993,UC,1782489600000,,51.4203,-70.4125,FUL
ON,2026_ON_SLK_FIRE_005,197,51.3796,-89.7223,2994,OC,1782503280000,,51.3796,-89.7223,FUL
SK,2026_SK_26LA-BUSS,2,56.728,-103.8011,2995,OC,1782501780000,,56.728,-103.8011,MOD
ON,2026_ON_SLK_FIRE_007,0.2,51.3389,-89.5332,2996,OC,1782505200000,,51.3389,-89.5332,FUL
SK,2026_SK_26DB-HILL,0.2,55.9098,-103.0475,2997,OC,1782500880000,,55.9098,-103.0475,MOD
NT,2026_NT_ZF011-26,7900,65.6529,-117.5022,2998,OC,1782509220000,,65.6529,-117.5022,MON
ON,2026_ON_SLK_FIRE_010,1.5,51.6107,-89.5657,2999,OC,1782506160000,,51.6107,-89.5657,FUL
MB,2026_MB_MB-NO077,100,54.9856,-95.8681,3002,OC,1782450000000,,54.9856,-95.8681,MON
QC,2026_QC_272,1839.6,50.0775,-79.1303,3003,OC,1782492660000,,50.0775,-79.1303,FUL
NT,2026_NT_ZF010-26,4,63.6605,-103.8975,3005,OC,1782507900000,,63.6605,-103.8975,MON
NT,2026_NT_FS015-26,13214,63.3396,-123.5072,3006,OC,1782501180000,,63.3396,-123.5072,FUL
ON,2026_ON_SLK_FIRE_008,5,51.6155,-89.5723,3007,OC,1782505560000,,51.6155,-89.5723,FUL
ON,2026_ON_SLK_FIRE_006,0.1,51.362,-89.7069,3008,OC,1782503880000,,51.362,-89.7069,FUL
NT,2026_NT_FS016-26,11000,61.7758,-121.4275,3010,OC,1782519660000,,61.7758,-121.4275,FUL
QC,2026_QC_284,5152.7,50.055,-78.9553,3011,OC,1781820000000,,50.055,-78.9553,FUL
PC,2026_PC_2026NA3,56,61.8886,-124.8073,3013,OC,1782434040000,,61.8886,-124.8073,MON
NT,2026_NT_ZF012-26,4150,65.5455,-117.1373,3016,OC,1782510480000,,65.5455,-117.1373,MON
NT,2026_NT_VQ015-26,12,65.2744,-125.3679,3017,OC,1782502500000,,65.2744,-125.3679,FUL
SK,2026_SK_26SR-BOYER,2250,59.2772,-102.6569,3018,OC,1782517500000,,59.2772,-102.6569,MOD
ON,2026_ON_SLK_FIRE_020,49,50.4686,-90.846,3019,BH,1782515580000,,50.4686,-90.846,FUL
MB,2026_MB_MB-NO057,5,58.7308,-98.4139,3020,OC,1782363600000,,58.7308,-98.4139,MON
SK,2026_SK_26LA-MOOSE,439,56.2396,-104.308,3024,OC,1782509640000,,56.2396,-104.308,MOD
QC,2026_QC_282,195.7,52.2681,-76.0747,3026,OC,1782475200000,,52.2681,-76.0747,MON
SK,2026_SK_26SR-THERI,1090.5,58.2786,-104.6248,3028,OC,1782511440000,,58.2786,-104.6248,MOD
ON,2026_ON_SLK_FIRE_021,357,52.8105,-89.247,3029,OC,1782515700000,,52.8105,-89.247,MOD
SK,2026_SK_26SR-PIMUTIK,6500,59.4611,-102.5919,3030,OC,1782519420000,,59.4611,-102.5919,MOD
NT,2026_NT_ZF014-26,10000,65.156,-117.6497,3033,OC,1782517320000,,65.156,-117.6497,MON
MB,2026_MB_MB-WE039,23.7,55.34,-99.6947,3034,OC,1782450000000,,55.34,-99.6947,MON
NT,2026_NT_ZF015-26,9085,64.7673,-115.5406,3035,OC,1782517680000,,64.7673,-115.5406,MON
NT,2026_NT_ZF013-26,16500,65.1225,-117.2043,3038,OC,1782516600000,,65.1225,-117.2043,MON
NT,2026_NT_ZF017-26,4411,63.7482,-119.849,3039,OC,1782519480000,,63.7482,-119.849,MON
AB,2026_AB_HWF-084-2026,135.5,57.4996,-116.8268,3041,BH,1782489780000,,57.4996,-116.8268,FUL
SK,2026_SK_26LA-SEIR01,2278,56.3521,-102.9161,3050,OC,1782519960000,,56.3521,-102.9161,MOD
NT,2026_NT_ZF018-26,6370,65.2971,-117.6656,3051,OC,1782522840000,,65.2971,-117.6656,MON
NT,2026_NT_SS012-26,8,61.0396,-117.9248,3052,BH,1782516240000,,61.0396,-117.9248,FUL
QC,2026_QC_286,0.1,52.0083,-76.0908,3053,OC,1782475200000,,52.0083,-76.0908,MOD
ON,2026_ON_RED_FIRE_014,8.9,51.5593,-94.0595,3054,UC,1782525480000,,51.5593,-94.0595,FUL
NT,2026_NT_SS013-26,1,60.9833,-118.4,3055,UC,1782514260000,,60.9833,-118.4,FUL
NL,2026_NL_614,2486,53.9061,-60.135,3057,BH,1782441000000,,53.9061,-60.135,MON
NL,2026_NL_613,7.1,53.8719,-60.8019,3058,OC,1782441000000,,53.8719,-60.8019,MON
NL,2026_NL_610,903,53.7717,-61.2336,3059,OC,1782441000000,,53.7717,-61.2336,MON
NL,2026_NL_612,398.5,53.9956,-61.2553,3060,OC,1782441000000,,53.9956,-61.2553,MON
NL,2026_NL_611,453.2,53.8864,-61,3061,OC,1782441000000,,53.8864,-61,MON
MB,2026_MB_MB-NO087,600,58.3183,-99.9819,3062,OC,1782450000000,,58.3183,-99.9819,MON
MB,2026_MB_MB-NO085,100,57.5208,-100.9975,3063,OC,1782450000000,,57.5208,-100.9975,MON
MB,2026_MB_MB-NO083,15,57.2911,-100.6442,3064,OC,1782450000000,,57.2911,-100.6442,MON
MB,2026_MB_MB-NO082,32,57.205,-100.8422,3065,OC,1782450000000,,57.205,-100.8422,MON
MB,2026_MB_MB-NO080,5000,56.6633,-99.1486,3067,OC,1782450000000,,56.6633,-99.1486,FUL
MB,2026_MB_MB-NO089,630,58.9736,-101.5453,3068,OC,1782450000000,,58.9736,-101.5453,MON
MB,2026_MB_MB-NO090,360,59.3917,-99.9719,3069,OC,1782450000000,,59.3917,-99.9719,MON
MB,2026_MB_MB-NO086,265,57.56,-101.7428,3070,OC,1782450000000,,57.56,-101.7428,MON
MB,2026_MB_MB-NO084,190,57.5297,-100.7633,3071,OC,1782450000000,,57.5297,-100.7633,MON
MB,2026_MB_MB-NO081,415,56.7619,-101.9297,3072,OC,1782450000000,,56.7619,-101.9297,MON
MB,2026_MB_MB-NO078,80,54.9831,-95.9575,3073,OC,1782450000000,,54.9831,-95.9575,MON
MB,2026_MB_MB-NO093,2030,57.7858,-96.9039,3074,OC,1782450000000,,57.7858,-96.9039,MON
MB,2026_MB_MB-NO091,1345,58.2664,-96.9503,3075,OC,1782450000000,,58.2664,-96.9503,MON
MB,2026_MB_MB-NO079,10,55.8972,-92.3119,3076,OC,1782450000000,,55.8972,-92.3119,MON
MB,2026_MB_MB-NO095,160,56.8478,-101.4817,3078,OC,1782450000000,,56.8478,-101.4817,MON
PC,2026_PC_2026WB20,1559,60.116,-112.8568,3079,OC,1782490920000,,60.116,-112.8568,FUL
MB,2026_MB_MB-NO096,45,57.1028,-100.6122,3080,OC,1782450000000,,57.1028,-100.6122,MON
MB,2026_MB_MB-NO092,240,57.8672,-97.0103,3081,OC,1782450000000,,57.8672,-97.0103,MON
MB,2026_MB_MB-NO088,140,58.1317,-99.4428,3082,OC,1782450000000,,58.1317,-99.4428,MON
ON,2026_ON_RED_FIRE_015,85,51.2619,-92.8803,3083,OC,1782575520000,,51.2619,-92.8803,FUL
NT,2026_NT_VQ016-26,134,66.2355,-128.8523,3084,OC,1782522060000,,66.2355,-128.8523,MOD
ON,2026_ON_RED_FIRE_017,15,53.9823,-92.9305,3085,OC,1782580200000,,53.9823,-92.9305,MOD
QC,2026_QC_289,249.6,51.3631,-78.3894,3086,OC,1782388800000,,51.3631,-78.3894,MON
ON,2026_ON_RED_FIRE_016,591,53.6585,-93.2488,3088,OC,1782579840000,,53.6585,-93.2488,MOD
MB,2026_MB_MB-NO094,400,57.9833,-94.6472,3089,OC,1782450000000,,57.9833,-94.6472,MON
QC,2026_QC_288,632,52.8747,-68.0744,3090,OC,1782491880000,,52.8747,-68.0744,MON
NT,2026_NT_SS015-26,4,60.715,-114.2921,3092,OC,1782524880000,,60.715,-114.2921,FUL
QC,2026_QC_290,167.7,50.2878,-78.6331,3093,OC,1782475200000,,50.2878,-78.6331,MON
QC,2026_QC_287,755,51.7397,-60.1,3094,OC,1782499920000,,51.7397,-60.1,MON
NT,2026_NT_SS014-26,500,61.3852,-104.0514,3095,OC,1782328380000,,61.3852,-104.0514,MON
ON,2026_ON_RED_FIRE_018,40,54.0629,-92.7471,3096,OC,1782582420000,,54.0629,-92.7471,MOD
NT,2026_NT_ZF020-26,40,64.0887,-119.1765,3097,OC,1782587940000,,64.0887,-119.1765,MON
QC,2026_QC_292,694.5,52.3794,-66.9122,3098,OC,1782517020000,,52.3794,-66.9122,MON
NT,2026_NT_ZF021-26,4751,64.1172,-119.2295,3099,OC,1782588900000,,64.1172,-119.2295,MON
ON,2026_ON_RED_FIRE_019,550,51.6711,-92.5437,3100,OC,1782584700000,,51.6711,-92.5437,MON
PC,2026_PC_2026WP2,30,57.1383,-92.9013,3101,OC,1782590520000,,57.1383,-92.9013,MON
NT,2026_NT_SS017-26,0.5,61.0769,-112.5641,3103,OC,1782515700000,,61.0769,-112.5641,MON
ON,2026_ON_NIP_FIRE_013,298,53.6445,-88.6647,3104,OC,1782590460000,,53.6445,-88.6647,FUL
MB,2026_MB_MB-NO098,500,56.4003,-94.3119,3105,OC,1782536400000,,56.4003,-94.3119,FUL
MB,2026_MB_MB-NO099,705,56.7881,-97.3411,3106,OC,1782536400000,,56.7881,-97.3411,MON
QC,2026_QC_295,60,53.8042,-75.9256,3107,OC,1782561600000,,53.8042,-75.9256,MON
QC,2026_QC_294,328.6,47.7369,-77.6481,3108,BH,1782583200000,,47.7369,-77.6481,FUL
MB,2026_MB_MB-NO100,240,56.4158,-94.1803,3109,OC,1782536400000,,56.4158,-94.1803,FUL
QC,2026_QC_293,183.4,58.0272,-67.0631,3110,OC,1782475200000,,58.0272,-67.0631,MON
NT,2026_NT_SS016-26,1400,60.3979,-110.2,3111,OC,1782580980000,,60.3979,-110.2,MON
SK,2026_SK_26BN-DIGBEE,3659,57.0615,-108.5394,3113,OC,1782593580000,,57.0615,-108.5394,MOD
PC,2026_PC_2026SE1,897,65.2811,-121.1131,3114,OC,1782343680000,,65.2811,-121.1131,MON
QC,2026_QC_296,933.9,47.6819,-77.7261,3116,BH,1782590400000,,47.6819,-77.7261,FUL
NT,2026_NT_ZF019-26,1640,63.0987,-109.6764,3117,OC,1782587460000,,63.0987,-109.6764,MON
QC,2026_QC_291,28.1,53.0631,-67.7397,3118,OC,1782231240000,,53.0631,-67.7397,MON
ON,2026_ON_SLK_FIRE_022,65.5,51.7675,-92.108,3119,OC,1782586680000,,51.7675,-92.108,FUL
ON,2026_ON_SLK_FIRE_023,5,51.9619,-91.7402,3120,OC,1782587880000,,51.9619,-91.7402,MON
ON,2026_ON_NIP_FIRE_014,2,53.5944,-88.829,3121,OC,1782591720000,,53.5944,-88.829,FUL
PC,2026_PC_2026WAFU1,0,68.971,-140.658,3122,OC,1782513420000,,68.971,-140.658,MON
NT,2026_NT_FS017-26,0.5,63.1095,-123.2362,3123,OC,1782576000000,,63.1095,-123.2362,FUL
ON,2026_ON_NIP_FIRE_016,1474.2,53.4417,-88.5725,3125,OC,1782596040000,,53.4417,-88.5725,FUL
NT,2026_NT_SS019-26,204,60.7655,-116.153,3126,OC,1782598980000,,60.7655,-116.153,FUL
QC,2026_QC_303,6.5,50.7011,-77.6906,3127,UC,1782417600000,,50.7011,-77.6906,FUL
QC,2026_QC_304,207.1,57.245,-68.8053,3128,OC,1782576840000,,57.245,-68.8053,MON
ON,2026_ON_SLK_FIRE_026,12,52.7119,-90.7713,3129,OC,1782599820000,,52.7119,-90.7713,MON
ON,2026_ON_SLK_FIRE_028,30,53.0427,-91.1869,3130,OC,1782600720000,,53.0427,-91.1869,MOD
SK,2026_SK_26LX-PORTAGE,2,54.9893,-107.6863,3132,UC,1782600060000,,54.9893,-107.6863,FUL
QC,2026_QC_301,0.1,53.7708,-77.5592,3133,OC,1780833600000,,53.7708,-77.5592,MON
SK,2026_SK_26DB-COLT,83.8,55.7826,-102.724,3134,OC,1782588300000,,55.7826,-102.724,MOD
NT,2026_NT_FS018-26,100,62.9728,-122.7937,3136,OC,1782572400000,,62.9728,-122.7937,MON
ON,2026_ON_SLK_FIRE_027,10,51.8291,-90.6424,3138,OC,1782600120000,,51.8291,-90.6424,FUL
ON,2026_ON_SLK_FIRE_031,15,53.1864,-91.6236,3139,OC,1782604200000,,53.1864,-91.6236,MON
MB,2026_MB_MB-NO105,1,56.2439,-94.2869,3140,OC,1782536400000,,56.2439,-94.2869,MOD
NT,2026_NT_VQ019-26,631,65.816,-127.929,3141,OC,1782520560000,,65.816,-127.929,MON
ON,2026_ON_SLK_FIRE_030,0.1,51.8549,-90.2184,3142,OC,1782602340000,,51.8549,-90.2184,FUL
ON,2026_ON_SLK_FIRE_024,209,51.5928,-90.5666,3143,OC,1782595920000,,51.5928,-90.5666,FUL
NT,2026_NT_VQ021-26,50,65.6247,-127.7236,3145,OC,1782521760000,,65.6247,-127.7236,MON
ON,2026_ON_NIP_FIRE_018,1318,51.7393,-88.7879,3146,OC,1782604020000,,51.7393,-88.7879,FUL
NT,2026_NT_VQ022-26,1.5,65.2657,-125.2875,3147,OC,1782520920000,,65.2657,-125.2875,FUL
MB,2026_MB_MB-WE040,175,53.8533,-99.4039,3149,OC,1782536400000,,53.8533,-99.4039,FUL
MB,2026_MB_MB-NO103,1,56.3308,-94.03,3150,OC,1782536400000,,56.3308,-94.03,MON
PC,2026_PC_2026SE2,254,65.1599,-121.5504,3151,OC,1782517440000,,65.1599,-121.5504,MON
NT,2026_NT_SS018-26,0.5,60.4198,-112.798,3154,OC,1782595440000,,60.4198,-112.798,FUL
NT,2026_NT_SS020-26,6,60.5198,-112.9875,3155,OC,1782600240000,,60.5198,-112.9875,FUL
QC,2026_QC_307,2.4,51.3103,-78.6939,3156,OC,1782561600000,,51.3103,-78.6939,MON
ON,2026_ON_SLK_FIRE_033,0.3,53.032,-91.754,3157,OC,1782605040000,,53.032,-91.754,MON
SK,2026_SK_26LA-CRESWELL,50,56.6345,-103.228,3159,OC,1782597960000,,56.6345,-103.228,MOD
NT,2026_NT_VQ017-26,42,66.2365,-128.8722,3160,OC,1782582660000,,66.2365,-128.8722,MOD
MB,2026_MB_MB-NO106,225,56.2508,-94.3703,3161,OC,1782536400000,,56.2508,-94.3703,FUL
MB,2026_MB_MB-NO104,1,56.195,-94.1289,3162,OC,1782536400000,,56.195,-94.1289,MON
QC,2026_QC_300,1125,53.7325,-78.0211,3163,OC,1782561600000,,53.7325,-78.0211,MON
ON,2026_ON_SLK_FIRE_032,20,53.1665,-91.7202,3164,OC,1782604740000,,53.1665,-91.7202,MON
ON,2026_ON_SLK_FIRE_029,153,52.8153,-89.8587,3166,OC,1782602040000,,52.8153,-89.8587,MOD
NT,2026_NT_VQ018-26,308,66.053,-127.2647,3167,OC,1782489780000,,66.053,-127.2647,MON
ON,2026_ON_NIP_FIRE_015,0.1,53.6094,-88.7329,3168,OC,1782595980000,,53.6094,-88.7329,FUL
NT,2026_NT_VQ020-26,73,65.7816,-128.045,3169,OC,1782588600000,,65.7816,-128.045,MON
ON,2026_ON_SLK_FIRE_025,200,53.167,-90.462,3170,OC,1782599760000,,53.167,-90.462,MON
ON,2026_ON_SLK_FIRE_035,20,53.7785,-89.5762,3171,UC,1782609180000,,53.7785,-89.5762,FUL
QC,2026_QC_309,2,53.7681,-77.9122,3172,OC,1782561600000,,53.7681,-77.9122,MON
SK,2026_SK_26LA-MIDDLE,30,57.85,-103.2515,3173,OC,1782607980000,,57.85,-103.2515,MOD
QC,2026_QC_310,9.8,53.6311,-77.9394,3174,BH,1782595800000,,53.6311,-77.9394,MOD
ON,2026_ON_SLK_FIRE_034,17.5,53.3987,-91.5087,3175,OC,1782606060000,,53.3987,-91.5087,FUL
QC,2026_QC_311,266.2,53.6731,-78.0272,3176,OC,1782561600000,,53.6731,-78.0272,MON
BC,2026_BC_2026-G90714,0.8,59.6977,-121.207,3178,BH,1782575160000,,59.6977,-121.207,MON
QC,2026_QC_308,50.8,53.1703,-78.6856,3179,OC,1782561600000,,53.1703,-78.6856,MON
ON,2026_ON_SLK_FIRE_036,1.5,51.781,-90.132,3181,OC,1782617400000,,51.781,-90.132,FUL
NL,2026_NL_615,20,53.3077,-63.8175,3182,BH,1782441000000,,53.3077,-63.8175,FUL
MB,2026_MB_MB-NO102,4,56.7097,-100.1975,3183,OC,1782536400000,,56.7097,-100.1975,FUL
MB,2026_MB_MB-NO107,10,56.6436,-100.3333,3184,OC,1782536400000,,56.6436,-100.3333,MON
MB,2026_MB_MB-NO110,908,57.6842,-100.1633,3185,OC,1782536400000,,57.6842,-100.1633,MON
NL,2026_NL_607,50,53.2342,-65.94,3186,OC,1782441000000,,53.2342,-65.94,MON
NL,2026_NL_606,6128,53.4957,-65.751,3187,OC,1782441000000,,53.4957,-65.751,MON
MB,2026_MB_MB-NO109,97,57.1858,-97.5425,3188,OC,1782536400000,,57.1858,-97.5425,MON
MB,2026_MB_MB-NO101,30,56.6183,-98.7581,3189,OC,1782536400000,,56.6183,-98.7581,MON
NL,2026_NL_608,88,53.2563,-65.8989,3190,OC,1782441000000,,53.2563,-65.8989,MON
MB,2026_MB_MB-NO111,700,58.0531,-97.8481,3191,OC,1782536400000,,58.0531,-97.8481,MON
MB,2026_MB_MB-NO108,690,57.2458,-97.3333,3192,OC,1782536400000,,57.2458,-97.3333,MON
MB,2026_MB_MB-NO115,200,54.4719,-96.7889,3193,OC,1782622800000,,54.4719,-96.7889,MON
MB,2026_MB_MB-NO097,10,53.5347,-95.0492,3194,OC,1782536400000,,53.5347,-95.0492,MON
NT,2026_NT_FS020-26,100,61.8934,-123.0125,3195,OC,1782605700000,,61.8934,-123.0125,FUL
MB,2026_MB_MB-NO112,250,57.1331,-93.4972,3197,OC,1782536400000,,57.1331,-93.4972,MON
QC,2026_QC_312,144.3,51.0406,-70.5547,3198,UC,1782597600000,,51.0406,-70.5547,FUL
NT,2026_NT_FS019-26,25,60.9988,-123.1382,3200,OC,1782568800000,,60.9988,-123.1382,FUL
NT,2026_NT_FS021-26,30,62.6195,-122.989,3201,OC,1782572400000,,62.6195,-122.989,MOD
MB,2026_MB_MB-NO116,20,54.5458,-96.6058,3202,OC,1782622800000,,54.5458,-96.6058,MON
MB,2026_MB_MB-NO113,120,57.0203,-93.7519,3203,OC,1782536400000,,57.0203,-93.7519,MON
ON,2026_ON_SLK_FIRE_039,0.6,53.6033,-91.6315,3204,OC,1782666960000,,53.6033,-91.6315,MOD
ON,2026_ON_NIP_FIRE_019,1.5,51.1322,-86.7763,3205,OC,1782657900000,,51.1322,-86.7763,MON
ON,2026_ON_COC_FIRE_015,1.5,55.32,-87.5743,3206,OC,1782669420000,,55.32,-87.5743,MON
MB,2026_MB_MB-NO123,0.2,53.9708,-97.8139,3207,UC,1782622800000,,53.9708,-97.8139,FUL
NT,2026_NT_ZF022-26,830,64.3469,-120.3053,3208,OC,1782660540000,,64.3469,-120.3053,MON
ON,2026_ON_SLK_FIRE_038,125,53.6775,-91.5216,3209,OC,1782666660000,,53.6775,-91.5216,MOD
NT,2026_NT_SS021-26,100,60.5148,-110.432,3210,OC,1782592920000,,60.5148,-110.432,MON
ON,2026_ON_COC_FIRE_008,153,54.7911,-88.4844,3211,OC,1782668580000,,54.7911,-88.4844,MON
ON,2026_ON_COC_FIRE_010,9,55.3074,-89.3702,3212,OC,1782668760000,,55.3074,-89.3702,MON
ON,2026_ON_COC_FIRE_014,19,56.0882,-88.9197,3213,OC,1782669300000,,56.0882,-88.9197,MON
ON,2026_ON_COC_FIRE_013,1,55.5736,-88.4345,3214,OC,1782669120000,,55.5736,-88.4345,MON
ON,2026_ON_COC_FIRE_011,8,55.2801,-89.3844,3215,OC,1782668940000,,55.2801,-89.3844,MON
NT,2026_NT_SS022-26,200,60.7248,-109.9862,3216,OC,1782593160000,,60.7248,-109.9862,MOD
ON,2026_ON_RED_FIRE_020,10,53.6763,-92.6737,3217,OC,1782664500000,,53.6763,-92.6737,MOD
ON,2026_ON_COC_FIRE_009,0.5,55.1736,-89.3152,3218,OC,1782668700000,,55.1736,-89.3152,MON
ON,2026_ON_COC_FIRE_016,0.5,55.9082,-88.2388,3219,OC,1782669540000,,55.9082,-88.2388,MON
SK,2026_SK_26LA-RED,1393.6,57.9267,-103.222,3220,OC,1782607260000,,57.9267,-103.222,MOD
ON,2026_ON_COC_FIRE_012,93,55.3198,-89.639,3221,OC,1782669000000,,55.3198,-89.639,MON
ON,2026_ON_COC_FIRE_017,9.5,48.9979,-80.0034,3222,BH,1782671040000,,48.9979,-80.0034,FUL
MB,2026_MB_MB-NO117,80,58.8044,-98.9294,3223,OC,1782622800000,,58.8044,-98.9294,MON
QC,2026_QC_313,0.1,51.4339,-76.3075,3224,OC,1782561600000,,51.4339,-76.3075,MON
QC,2026_QC_319,39.3,52.1556,-76.4736,3226,OC,1782561600000,,52.1556,-76.4736,MON
ON,2026_ON_NIP_FIRE_020,0.6,49.8529,-87.7574,3227,UC,1782677100000,,49.8529,-87.7574,FUL
MB,2026_MB_MB-NO120,360,58.4328,-97.2806,3228,OC,1782622800000,,58.4328,-97.2806,MON
MB,2026_MB_MB-NO122,5,55.9006,-99.9625,3229,OC,1782622800000,,55.9006,-99.9625,MON
ON,2026_ON_SLK_FIRE_041,22.2,52.8506,-90.1507,3230,BH,1782673020000,,52.8506,-90.1507,FUL
QC,2026_QC_321,1021.6,52.2833,-76.9678,3231,OC,1782561600000,,52.2833,-76.9678,MON
MB,2026_MB_MB-NO119,1200,58.225,-97.6319,3232,OC,1782622800000,,58.225,-97.6319,MON
QC,2026_QC_315,8867.6,52.1919,-67.8786,3233,OC,1782662460000,,52.1919,-67.8786,FUL
MB,2026_MB_MB-NO114,10,58.6964,-98.6367,3236,OC,1782622800000,,58.6964,-98.6367,MON
MB,2026_MB_MB-NO125,0.1,56.2658,-98.3958,3238,OC,1782622800000,,56.2658,-98.3958,MON
SK,2026_SK_26BN-WHITEFISH,18,55.695,-108.686,3239,UC,1782681660000,,55.695,-108.686,FUL
QC,2026_QC_320,977,52.0889,-76.3203,3241,OC,1782561600000,,52.0889,-76.3203,MON
QC,2026_QC_316,0.1,51.3497,-78.5647,3242,OC,1782561600000,,51.3497,-78.5647,MON
QC,2026_QC_314,0.1,51.2906,-76.1739,3243,OC,1782561600000,,51.2906,-76.1739,MON
QC,2026_QC_318,0.3,52.1672,-76.0689,3244,OC,1782561600000,,52.1672,-76.0689,MON
MB,2026_MB_MB-WE041,0.5,55.3247,-101.1192,3245,OC,1782622800000,,55.3247,-101.1192,MON
ON,2026_ON_SLK_FIRE_040,3,52.2489,-89.1742,3246,OC,1782672240000,,52.2489,-89.1742,MON
ON,2026_ON_COC_FIRE_019,5,54.8813,-85.788,3247,OC,1782691080000,,54.8813,-85.788,MON
ON,2026_ON_SLK_FIRE_042,15,52.4804,-89.6808,3249,OC,1782690300000,,52.4804,-89.6808,MON
QC,2026_QC_326,1,50.4092,-77.6203,3250,UC,1782498120000,,50.4092,-77.6203,FUL
QC,2026_QC_327,145.8,52.0072,-77.0572,3251,OC,1782561600000,,52.0072,-77.0572,MON
QC,2026_QC_322,560.1,53.8417,-77.3136,3252,OC,1782561600000,,53.8417,-77.3136,MON
ON,2026_ON_COC_FIRE_018,17,54.9236,-85.7914,3253,OC,1782690360000,,54.9236,-85.7914,MON
QC,2026_QC_325,0.5,53.4339,-76.7503,3254,OC,1782561600000,,53.4339,-76.7503,MON
MB,2026_MB_MB-NO126,16,56.2422,-101.3569,3255,OC,1782622800000,,56.2422,-101.3569,FUL
QC,2026_QC_323,109,53.3361,-77.635,3256,OC,1782561600000,,53.3361,-77.635,MON
NT,2026_NT_SS024-26,500,61.6411,-106.1813,3258,OC,1782607860000,,61.6411,-106.1813,MON
QC,2026_QC_328,1,53.8903,-77.2286,3260,OC,1782648000000,,53.8903,-77.2286,MON
SK,2026_SK_26LA-HOFFER,0.5,57.5774,-104.8385,3261,OC,1782697680000,,57.5774,-104.8385,MOD
ON,2026_ON_COC_FIRE_020,650,54.7176,-85.7758,3263,OC,1782691740000,,54.7176,-85.7758,MON
NT,2026_NT_SS025-26,110,61.3494,-106.3807,3264,OC,1782673320000,,61.3494,-106.3807,MON
QC,2026_QC_329,5.9,53.5297,-77.0411,3265,OC,1782693600000,,53.5297,-77.0411,MON
NT,2026_NT_SS023-26,2000,60.4666,-108.5308,3267,OC,1782593340000,,60.4666,-108.5308,MON
NL,2026_NL_619,330.2,55.1272,-61.4704,3269,OC,1782613800000,,55.1272,-61.4704,MON
NL,2026_NL_621,50,54.3886,-62.1255,3271,OC,1782613800000,,54.3886,-62.1255,MON
NL,2026_NL_618,2435.1,55.4395,-61.6383,3272,OC,1782527400000,,55.4395,-61.6383,MON
NL,2026_NL_617,535,54.3182,-66.1047,3273,OC,1782613800000,,54.3182,-66.1047,MON
NL,2026_NL_620,1523.7,54.7719,-61.3858,3274,OC,1782613800000,,54.7719,-61.3858,MON
MB,2026_MB_MB-NO124,1,54.6067,-97.9806,3275,OC,1782622800000,,54.6067,-97.9806,MON
QC,2026_QC_330,0.7,51.6811,-60.4203,3276,OC,1782669300000,,51.6811,-60.4203,MON
QC,2026_QC_332,39.8,56.3919,-67.9417,3277,OC,1782475200000,,56.3919,-67.9417,MON
NT,2026_NT_ZF023-26,2,62.0243,-103.8241,3278,OC,1782520200000,,62.0243,-103.8241,MON
NT,2026_NT_ZF024-26,2,63.1036,-104.1323,3279,OC,1782520320000,,63.1036,-104.1323,MON
MB,2026_MB_MB-NO127,1200,57.5525,-97.9469,3280,OC,1782622800000,,57.5525,-97.9469,MON
MB,2026_MB_MB-NO121,475,57.7853,-100.1086,3281,OC,1782622800000,,57.7853,-100.1086,MON
MB,2026_MB_MB-NO130,425,57.985,-101.1644,3282,OC,1782622800000,,57.985,-101.1644,MON
MB,2026_MB_MB-NO129,320,57.7364,-100.455,3283,OC,1782622800000,,57.7364,-100.455,MON
QC,2026_QC_331,0.1,51.4136,-70.4208,3284,UC,1782734400000,,51.4136,-70.4208,FUL
NT,2026_NT_FS022-26,57,61.3548,-121.1201,3285,OC,1782746700000,,61.3548,-121.1201,MON
QC,2026_QC_334,3692,54.0478,-75.6919,3286,OC,1782561600000,,54.0478,-75.6919,MON
MB,2026_MB_MB-NO118,70,57.4158,-101.425,3288,OC,1782622800000,,57.4158,-101.425,MON
QC,2026_QC_335,0.1,53.5925,-72.2228,3289,OC,1782561600000,,53.5925,-72.2228,MON
QC,2026_QC_333,12947.7,54.0594,-76.0681,3290,OC,1782475200000,,54.0594,-76.0681,MON
MB,2026_MB_MB-NO128,930,58.0467,-99.6,3291,OC,1782622800000,,58.0467,-99.6,MON
QC,2026_QC_338,0.1,50.7942,-77.4644,3292,BH,1782743700000,,50.7942,-77.4644,FUL
NT,2026_NT_FS027-26,5000,63.2425,-121.8656,3293,OC,1782756600000,,63.2425,-121.8656,MON
MB,2026_MB_MB-NO136,550,56.3628,-93.1542,3294,OC,1782709200000,,56.3628,-93.1542,MON
NT,2026_NT_FS025-26,50,60.5188,-122.2408,3295,OC,1782750720000,,60.5188,-122.2408,MON
NT,2026_NT_FS024-26,226,61.2345,-121.9746,3296,OC,1782749700000,,61.2345,-121.9746,MON
QC,2026_QC_342,1,52.495,-78.3414,3297,OC,1782475200000,,52.495,-78.3414,MON
MB,2026_MB_MB-NO135,350,56.3847,-93.1489,3298,OC,1782709200000,,56.3847,-93.1489,MON
QC,2026_QC_343,59.4,52.8903,-76.6339,3299,OC,1782475200000,,52.8903,-76.6339,MON
MB,2026_MB_MB-NO140,180,55.9372,-90.6692,3300,OC,1782709200000,,55.9372,-90.6692,MON
ON,2026_ON_COC_FIRE_025,39,55.8692,-88.1817,3301,OC,1782753360000,,55.8692,-88.1817,MOD
NT,2026_NT_ZF026-26,1,62.1715,-116.284,3302,OC,1782749280000,,62.1715,-116.284,MON
ON,2026_ON_SLK_FIRE_043,5.3,53.6577,-91.4496,3304,OC,1782748920000,,53.6577,-91.4496,MOD
MB,2026_MB_MB-NO132,2195,55.9897,-91.2525,3305,OC,1782709200000,,55.9897,-91.2525,MON
ON,2026_ON_COC_FIRE_023,79,55.7043,-87.6404,3306,OC,1782747600000,,55.7043,-87.6404,MON
MB,2026_MB_MB-NO133,1075,56.0406,-91.3383,3307,OC,1782709200000,,56.0406,-91.3383,MON
NT,2026_NT_ZF025-26,155,62.8912,-103.866,3308,OC,1782659880000,,62.8912,-103.866,MON
ON,2026_ON_COC_FIRE_022,350,55.2531,-87.0857,3311,OC,1782747420000,,55.2531,-87.0857,MON
MB,2026_MB_MB-NO134,867,56.4403,-93.3458,3312,OC,1782709200000,,56.4403,-93.3458,MON
ON,2026_ON_COC_FIRE_024,15,55.8576,-87.8394,3313,OC,1782753180000,,55.8576,-87.8394,MON
MB,2026_MB_MB-NO139,310,56.7567,-92.2603,3314,OC,1782709200000,,56.7567,-92.2603,MON
ON,2026_ON_COC_FIRE_021,10,55.2162,-87.0982,3315,OC,1782746940000,,55.2162,-87.0982,MON
MB,2026_MB_MB-NO137,500,55.9022,-92.6478,3316,OC,1782709200000,,55.9022,-92.6478,MON
QC,2026_QC_344,428.9,52.4958,-75.0761,3317,OC,1782475200000,,52.4958,-75.0761,MON
NT,2026_NT_FS023-26,800,61.3088,-121.7258,3318,OC,1782747600000,,61.3088,-121.7258,MON
QC,2026_QC_339,2.2,56.9064,-67.4458,3319,OC,1782561600000,,56.9064,-67.4458,MON
MB,2026_MB_MB-NO131,1738,56.2331,-91.2911,3320,OC,1782709200000,,56.2331,-91.2911,MON
MB,2026_MB_MB-NO138,340,56.4011,-92.3933,3321,OC,1782709200000,,56.4011,-92.3933,MON
SK,2026_SK_26LA-DROPE,23.7,55.4828,-104.3729,3322,UC,1781462520000,,55.4828,-104.3729,MOD
NT,2026_NT_FS026-26,1200,62.2242,-120.7956,3323,OC,1782756180000,,62.2242,-120.7956,MON
NT,2026_NT_FS029-26,35,61.9531,-123.5314,3324,OC,1782760260000,,61.9531,-123.5314,MON
QC,2026_QC_348,0,52.1956,-59.1986,3325,OC,1782730380000,,52.1956,-59.1986,MON
NT,2026_NT_VQ023-26,3,65.9025,-127.0598,3326,OC,1782746400000,,65.9025,-127.0598,MON
QC,2026_QC_346,0,52.0986,-59.3964,3327,OC,1782664980000,,52.0986,-59.3964,MON
NT,2026_NT_FS028-26,400,63.7872,-123.3458,3328,OC,1782758220000,,63.7872,-123.3458,MON
SK,2026_SK_26SR-JACKPOT,5,59.6315,-105.348,3329,OC,1782750000000,,59.6315,-105.348,MOD
QC,2026_QC_345,75.1,55.0442,-67.0269,3330,OC,1782749700000,,55.0442,-67.0269,MON
QC,2026_QC_351,0.6,47.7619,-77.5728,3331,BH,1782759000000,,47.7619,-77.5728,FUL
QC,2026_QC_352,18.4,49.3239,-69.7811,3332,UC,1782756000000,,49.3239,-69.7811,FUL
QC,2026_QC_350,0,51.6794,-63.5342,3333,OC,1782754800000,,51.6794,-63.5342,MON
NT,2026_NT_VQ024-26,45,63.6746,-125.8367,3336,OC,1782662520000,,63.6746,-125.8367,MON
NT,2026_NT_FS030-26,500,63.3732,-123.2237,3337,OC,1782765000000,,63.3732,-123.2237,MON
QC,2026_QC_365,103.9,52.6947,-67.4542,3338,OC,1782773820000,,52.6947,-67.4542,MON
QC,2026_QC_361,0.6,52.675,-67.1775,3339,OC,1782773280000,,52.675,-67.1775,MON
QC,2026_QC_362,0.5,51.9644,-67.9606,3342,UC,1782770700000,,51.9644,-67.9606,FUL
PC,2026_PC_2026SE3,450,66.156,-122.4975,3343,OC,1782663840000,,66.156,-122.4975,MON
QC,2026_QC_357,-1,52.3839,-67.5333,3344,OC,1782766500000,,52.3839,-67.5333,MON
QC,2026_QC_369,224.7,51.365,-67.2269,3346,UC,1782771540000,,51.365,-67.2269,FUL
QC,2026_QC_363,21.6,52.6722,-67.14,3347,OC,1782773400000,,52.6722,-67.14,MON
NT,2026_NT_VQ027-26,55,64.1311,-126.1608,3348,OC,1782658560000,,64.1311,-126.1608,MON
QC,2026_QC_370,9,50.3678,-63.5961,3349,UC,1782774420000,,50.3678,-63.5961,MON
QC,2026_QC_347,130,51.2244,-73.4411,3350,OC,1782590280000,,51.2244,-73.4411,MON
NT,2026_NT_VQ026-26,80,64.2221,-126.0287,3351,OC,1782656220000,,64.2221,-126.0287,MON
QC,2026_QC_366,2082,52.6411,-67.3172,3352,OC,1782773880000,,52.6411,-67.3172,MON
MB,2026_MB_MB-NO141,40,58.755,-98.1206,3353,OC,1782709200000,,58.755,-98.1206,MON
QC,2026_QC_359,0.3,48.7547,-76.7569,3354,UC,1782768600000,,48.7547,-76.7569,FUL
NT,2026_NT_VQ028-26,100,65.2646,-125.2926,3355,OC,1782674040000,,65.2646,-125.2926,MON
NT,2026_NT_VQ025-26,100,64.2092,-126.0657,3357,OC,1782658440000,,64.2092,-126.0657,MON
QC,2026_QC_356,348.2,51.0414,-76.8997,3358,OC,1782475200000,,51.0414,-76.8997,MON
QC,2026_QC_368,16.4,52.6472,-67.39,3359,OC,1782774120000,,52.6472,-67.39,MON
QC,2026_QC_367,234.4,52.6636,-67.3736,3360,OC,1782773940000,,52.6636,-67.3736,MON
QC,2026_QC_371,0,50.7494,-64.0081,3361,OC,1782775320000,,50.7494,-64.0081,MOD
QC,2026_QC_358,0,52.9028,-67.6639,3363,OC,1782768300000,,52.9028,-67.6639,MON
QC,2026_QC_354,1.2,50.1142,-69.6386,3364,UC,1782761400000,,50.1142,-69.6386,FUL
BC,2026_BC_2026-V50728,0.009,49.9727,-124.5272,3365,UC,1782755640000,,49.9727,-124.5272,MON
AB,2026_AB_PWF-045-2026,0.5,58.0147,-118.6659,3366,BH,1782758460000,,58.0147,-118.6659,FUL
ON,2026_ON_SLK_FIRE_050,181,54.2487,-89.894,3367,OC,1782781200000,,54.2487,-89.894,MON
ON,2026_ON_SLK_FIRE_048,38,54.4481,-91.6189,3368,OC,1782780960000,,54.4481,-91.6189,MON
ON,2026_ON_SLK_FIRE_054,48,54.0604,-90.2855,3369,OC,1782781620000,,54.0604,-90.2855,MON
ON,2026_ON_SLK_FIRE_045,95,54.4261,-91.931,3370,OC,1782780780000,,54.4261,-91.931,MON
ON,2026_ON_SLK_FIRE_053,49,54.0763,-90.2692,3372,OC,1782781380000,,54.0763,-90.2692,MON
ON,2026_ON_SLK_FIRE_055,9,53.4061,-90.4613,3373,OC,1782781620000,,53.4061,-90.4613,MON
ON,2026_ON_SLK_FIRE_051,323,54.3206,-90.0685,3374,OC,1782781260000,,54.3206,-90.0685,MON
ON,2026_ON_SLK_FIRE_046,442,54.8907,-92.0356,3375,OC,1782780840000,,54.8907,-92.0356,MON
ON,2026_ON_SLK_FIRE_049,813,54.3079,-91.6266,3376,OC,1782781020000,,54.3079,-91.6266,MON
ON,2026_ON_SLK_FIRE_044,55,54.0678,-91.9662,3377,OC,1782780720000,,54.0678,-91.9662,MON
ON,2026_ON_SLK_FIRE_052,240,54.5545,-90.3904,3378,OC,1782781320000,,54.5545,-90.3904,MON
ON,2026_ON_SLK_FIRE_047,27,54.7461,-91.8433,3379,OC,1782780900000,,54.7461,-91.8433,MON
NL,2026_NL_616,50,54.3419,-62.8532,3380,OC,1782441000000,,54.3419,-62.8532,MON
MB,2026_MB_MB-NO142,120,59.1581,-98.4028,3381,OC,1782709200000,,59.1581,-98.4028,MON
NL,2026_NL_622,200,52.9291,-67.0612,3382,OC,1782700200000,,52.9291,-67.0612,FUL
MB,2026_MB_MB-NO144,1700,59.7725,-100.1117,3384,OC,1782709200000,,59.7725,-100.1117,MON
MB,2026_MB_MB-NO143,1000,59.7264,-99.2869,3385,OC,1782709200000,,59.7264,-99.2869,MON
NL,2026_NL_623,10,53.8981,-60.62,3386,OC,1782700200000,,53.8981,-60.62,MON
NL,2026_NL_625,1,52.8109,-66.7562,3387,OC,1782700200000,,52.8109,-66.7562,MON
NL,2026_NL_144,3,48.62,-56.1555,3388,OC,1782700200000,,48.62,-56.1555,FUL
NL,2026_NL_626,1,52.9348,-66.7254,3389,OC,1782700200000,,52.9348,-66.7254,MON
NL,2026_NL_627,10,52.7374,-66.8024,3390,OC,1782700200000,,52.7374,-66.8024,MON
NL,2026_NL_624,5,53.0204,-66.6464,3391,OC,1782700200000,,53.0204,-66.6464,FUL
QC,2026_QC_377,4022.4,50.8892,-78.9503,3392,OC,1779710400000,,50.8892,-78.9503,MON
QC,2026_QC_380,1000,51.8803,-73.9972,3393,OC,1782236820000,,51.8803,-73.9972,MON
QC,2026_QC_378,59,51.9044,-74.7253,3394,OC,1782514920000,,51.9044,-74.7253,MON
QC,2026_QC_373,12562,53.8711,-71.9269,3395,OC,1782388800000,,53.8711,-71.9269,MON
MB,2026_MB_MB-NO145,834,57.7475,-101.3756,3396,OC,1782709200000,,57.7475,-101.3756,MON
QC,2026_QC_376,1084.8,52.1392,-76.715,3397,OC,1782388800000,,52.1392,-76.715,MON
SK,2026_SK_26SR-ZANGEZA,1000,58.137,-102.018,3398,OC,1782827760000,,58.137,-102.018,MOD
QC,2026_QC_379,500,51.8231,-74.2094,3399,OC,1782508800000,,51.8231,-74.2094,MON
NT,2026_NT_SS026-26,130,60.6746,-109.9094,3400,OC,1782761820000,,60.6746,-109.9094,MOD
QC,2026_QC_374,4287.8,54.4528,-71.5986,3401,OC,1779710400000,,54.4528,-71.5986,MON
QC,2026_QC_381,0.1,57.9644,-70.9219,3402,OC,1782388800000,,57.9644,-70.9219,MON
QC,2026_QC_375,13.9,50.75,-69.2594,3403,UC,1782817980000,,50.75,-69.2594,FUL
BC,2026_BC_2026-K60731,0.2,50.0988,-120.8609,3404,UC,1782807540000,,50.0988,-120.8609,MON
QC,2026_QC_384,0,51.1767,-65.0161,3405,OC,1782831600000,,51.1767,-65.0161,MON
QC,2026_QC_383,0,51.1617,-65.0792,3406,OC,1782817980000,,51.1617,-65.0792,MON
AB,2026_AB_HWF-092-2026,40,59.3817,-116.666,3407,BH,1782812520000,,59.3817,-116.666,FUL
QC,2026_QC_382,0.1,54.5056,-70.1,3409,OC,1782388800000,,54.5056,-70.1,MON
QC,2026_QC_394,3,51.9519,-67.8744,3410,UC,1782839520000,,51.9519,-67.8744,FUL
QC,2026_QC_401,50,52.8678,-70.2114,3411,OC,1782818100000,,52.8678,-70.2114,MON
QC,2026_QC_397,700,52.91,-72.0417,3412,OC,1782674520000,,52.91,-72.0417,MON
NT,2026_NT_VQ032-26,5000,65.6385,-118.9106,3413,OC,1782270000000,,65.6385,-118.9106,MON
QC,2026_QC_385,16.5,49.7547,-68.1306,3414,BH,1782835200000,,49.7547,-68.1306,FUL
NT,2026_NT_VQ031-26,1800,65.5109,-118.0136,3415,OC,1782657720000,,65.5109,-118.0136,MON
QC,2026_QC_398,35,52.9392,-72.0861,3416,OC,1782683160000,,52.9392,-72.0861,MON
QC,2026_QC_390,300,52.2389,-72.285,3417,OC,1782242040000,,52.2389,-72.285,MON
AB,2026_AB_PWF-046-2026,1.6,56.8914,-116.593,3418,BH,1782833400000,,56.8914,-116.593,FUL
QC,2026_QC_400,51.4,52.7672,-67.6742,3419,OC,1782771000000,,52.7672,-67.6742,MON
QC,2026_QC_399,800,52.7144,-70.5256,3420,OC,1782258360000,,52.7144,-70.5256,MON
QC,2026_QC_387,25,51.5119,-72.7444,3421,OC,1782582180000,,51.5119,-72.7444,MON
QC,2026_QC_389,120,51.8578,-71.9022,3422,OC,1782684180000,,51.8578,-71.9022,MON
QC,2026_QC_386,30,51.2725,-72.6294,3423,OC,1782233220000,,51.2725,-72.6294,MON
YT,2026_YT_2026MA004,80,63.2732,-134.3952,3424,OC,1782844920000,,63.2732,-134.3952,MOD
QC,2026_QC_391,21.6,49.9258,-73.3181,3425,UC,1782842880000,,49.9258,-73.3181,FUL
QC,2026_QC_388,160,51.7753,-71.8631,3426,OC,1782684060000,,51.7753,-71.8631,MON
QC,2026_QC_392,50,52.45,-72.7472,3427,OC,1782143640000,,52.45,-72.7472,MON
QC,2026_QC_395,800,52.6903,-72.1147,3428,OC,1782683760000,,52.6903,-72.1147,MON
QC,2026_QC_393,60,52.7244,-73.1356,3429,OC,1782675600000,,52.7244,-73.1356,MON
NT,2026_NT_VQ029-26,10000,64.1066,-125.3018,3430,OC,1782607020000,,64.1066,-125.3018,MON
SK,2026_SK_26BN-SMITH,2,56.5831,-108.4836,3431,OC,1782853140000,,56.5831,-108.4836,MOD
QC,2026_QC_396,650,52.8033,-72.0744,3432,OC,1782682980000,,52.8033,-72.0744,MON
NT,2026_NT_VQ030-26,50,63.6746,-126.07,3433,OC,1782691200000,,63.6746,-126.07,MON
NT,2026_NT_VQ037-26,10000,65.4961,-119.3748,3434,OC,1782840660000,,65.4961,-119.3748,MON
QC,2026_QC_404,195,52.6331,-67.9689,3435,OC,1782835200000,,52.6331,-67.9689,MON
NT,2026_NT_VQ034-26,1200,65.498,-118.9966,3436,OC,1782657840000,,65.498,-118.9966,MON
QC,2026_QC_407,22.1,52.3947,-66.7133,3437,OC,1782837000000,,52.3947,-66.7133,MON
QC,2026_QC_411,31.2,51.6483,-65.6567,3438,OC,1782768120000,,51.6483,-65.6567,MON
NT,2026_NT_VQ033-26,2000,65.5688,-119.3054,3439,OC,1782343200000,,65.5688,-119.3054,MON
NT,2026_NT_VQ036-26,1,65.6847,-118.8143,3440,OC,1782838620000,,65.6847,-118.8143,MON
ON,2026_ON_FOR_FIRE_014,1200,48.8934,-90.9869,3441,OC,1782854640000,,48.8934,-90.9869,FUL
QC,2026_QC_403,226.4,52.8283,-67.8217,3442,OC,1782835200000,,52.8283,-67.8217,MON
ON,2026_ON_THU_FIRE_030,3,48.6825,-90.8263,3443,OC,1782853920000,,48.6825,-90.8263,FUL
QC,2026_QC_410,210.5,51.9608,-65.8072,3444,OC,1782772980000,,51.9608,-65.8072,MON
QC,2026_QC_405,9.6,50.1303,-75.3706,3445,BH,1782835200000,,50.1303,-75.3706,FUL
NT,2026_NT_VQ035-26,200,65.5519,-118.851,3446,OC,1782270000000,,65.5519,-118.851,MON
ON,2026_ON_DRY_FIRE_020,0.2,50.2961,-92.8799,3447,OC,1782856200000,,50.2961,-92.8799,FUL
QC,2026_QC_409,1,50.9933,-74.1025,3448,OC,1782684000000,,50.9933,-74.1025,MON
QC,2026_QC_406,1.7,52.6731,-67.9689,3449,OC,1782839400000,,52.6731,-67.9689,MON
AB,2026_AB_HWF-094-2026,5183,59.4832,-114.709,3450,OC,1782389220000,,59.4832,-114.709,FUL
PC,2026_PC_2026WB21,0.3,60.0272,-114.4063,3451,OC,1782867660000,,60.0272,-114.4063,FUL
QC,2026_QC_408,142,52.3406,-66.9942,3452,OC,1782839580000,,52.3406,-66.9942,MON
NT,2026_NT_VQ038-26,250,65.3805,-119.2919,3453,OC,1782859440000,,65.3805,-119.2919,MON
ON,2026_ON_SLK_FIRE_056,43,52.0886,-89.504,3454,OC,1782859440000,,52.0886,-89.504,MON
ON,2026_ON_FOR_FIRE_015,10,48.5401,-91.4074,3455,OC,1782861780000,,48.5401,-91.4074,FUL
NT,2026_NT_SS029-26,60,60.265,-103.3907,3456,OC,1782485640000,,60.265,-103.3907,MON
NT,2026_NT_SS027-26,62,60.2065,-103.0126,3457,OC,1782761580000,,60.2065,-103.0126,MON
NT,2026_NT_VQ039-26,600,64.8075,-121.5227,3458,OC,1782656520000,,64.8075,-121.5227,MON
NT,2026_NT_SS030-26,50,60.7348,-103.6651,3459,OC,1782684120000,,60.7348,-103.6651,MON
NT,2026_NT_VQ040-26,2000,64.5159,-120.9313,3460,OC,1782656760000,,64.5159,-120.9313,MON
NT,2026_NT_SS031-26,156,60.9446,-105.3483,3461,OC,1782328320000,,60.9446,-105.3483,MON
QC,2026_QC_412,2.5,50.4019,-75.1286,3462,UC,1782856800000,,50.4019,-75.1286,FUL
AB,2026_AB_GWF-051-2026,0.1,54.6941,-117.1047,3463,BH,1782851280000,,54.6941,-117.1047,FUL
AB,2026_AB_SWF-050-2026,0.01,55.5237,-116.6373,3464,BH,1782854100000,,55.5237,-116.6373,FUL
NT,2026_NT_VQ041-26,500,64.9209,-119.9816,3465,OC,1782764760000,,64.9209,-119.9816,MON
NT,2026_NT_SS028-26,57,60.3718,-102.9532,3466,OC,1782782160000,,60.3718,-102.9532,MON
AB,2026_AB_HWF-095-2026,0.1,59.4703,-116.833,3467,BH,1782855840000,,59.4703,-116.833,FUL
