candidate_id,patch_id,row,col,probability,candidate_threshold,cell_xmin,cell_ymin,cell_xmax,cell_ymax,coarse_xmin,coarse_ymin,coarse_xmax,coarse_ymax,crs
ab_coarse_000016_r16_c16,ab_coarse_000016,16,16,0.67857224,0.300000,-1360000.000,207000.000,-1359000.000,208000.000,-1376000.000,192000.000,-1344000.000,224000.000,EPSG:3979
ab_coarse_000027_r16_c16,ab_coarse_000027,16,16,0.62263352,0.300000,-1360000.000,239000.000,-1359000.000,240000.000,-1376000.000,224000.000,-1344000.000,256000.000,EPSG:3979
ab_coarse_000037_r16_c16,ab_coarse_000037,16,16,0.77842820,0.300000,-1392000.000,271000.000,-1391000.000,272000.000,-1408000.000,256000.000,-1376000.000,288000.000,EPSG:3979
ab_coarse_000038_r16_c13,ab_coarse_000038,16,13,0.37382162,0.300000,-1363000.000,271000.000,-1362000.000,272000.000,-1376000.000,256000.000,-1344000.000,288000.000,EPSG:3979
ab_coarse_000038_r16_c16,ab_coarse_000038,16,16,0.42107216,0.300000,-1360000.000,271000.000,-1359000.000,272000.000,-1376000.000,256000.000,-1344000.000,288000.000,EPSG:3979
ab_coarse_000050_r16_c16,ab_coarse_000050,16,16,0.95771724,0.300000,-1360000.000,303000.000,-1359000.000,304000.000,-1376000.000,288000.000,-1344000.000,320000.000,EPSG:3979
ab_coarse_000051_r16_c16,ab_coarse_000051,16,16,0.84027553,0.300000,-1328000.000,303000.000,-1327000.000,304000.000,-1344000.000,288000.000,-1312000.000,320000.000,EPSG:3979
ab_coarse_000062_r16_c16,ab_coarse_000062,16,16,0.95377499,0.300000,-1360000.000,335000.000,-1359000.000,336000.000,-1376000.000,320000.000,-1344000.000,352000.000,EPSG:3979
ab_coarse_000074_r16_c16,ab_coarse_000074,16,16,0.99436378,0.300000,-1360000.000,367000.000,-1359000.000,368000.000,-1376000.000,352000.000,-1344000.000,384000.000,EPSG:3979
ab_coarse_000085_r16_c16,ab_coarse_000085,16,16,0.56023908,0.300000,-1392000.000,399000.000,-1391000.000,400000.000,-1408000.000,384000.000,-1376000.000,416000.000,EPSG:3979
ab_coarse_000086_r16_c16,ab_coarse_000086,16,16,0.99712950,0.300000,-1360000.000,399000.000,-1359000.000,400000.000,-1376000.000,384000.000,-1344000.000,416000.000,EPSG:3979
ab_coarse_000099_r16_c16,ab_coarse_000099,16,16,0.31290728,0.300000,-1392000.000,431000.000,-1391000.000,432000.000,-1408000.000,416000.000,-1376000.000,448000.000,EPSG:3979
ab_coarse_000100_r16_c16,ab_coarse_000100,16,16,0.99371320,0.300000,-1360000.000,431000.000,-1359000.000,432000.000,-1376000.000,416000.000,-1344000.000,448000.000,EPSG:3979
ab_coarse_000113_r16_c16,ab_coarse_000113,16,16,0.97719187,0.300000,-1392000.000,463000.000,-1391000.000,464000.000,-1408000.000,448000.000,-1376000.000,480000.000,EPSG:3979
ab_coarse_000114_r16_c16,ab_coarse_000114,16,16,0.99795616,0.300000,-1360000.000,463000.000,-1359000.000,464000.000,-1376000.000,448000.000,-1344000.000,480000.000,EPSG:3979
ab_coarse_000129_r16_c16,ab_coarse_000129,16,16,0.99554706,0.300000,-1360000.000,495000.000,-1359000.000,496000.000,-1376000.000,480000.000,-1344000.000,512000.000,EPSG:3979
ab_coarse_000130_r16_c10,ab_coarse_000130,16,10,0.34296960,0.300000,-1334000.000,495000.000,-1333000.000,496000.000,-1344000.000,480000.000,-1312000.000,512000.000,EPSG:3979
ab_coarse_000130_r16_c16,ab_coarse_000130,16,16,0.98464274,0.300000,-1328000.000,495000.000,-1327000.000,496000.000,-1344000.000,480000.000,-1312000.000,512000.000,EPSG:3979
ab_coarse_000144_r16_c16,ab_coarse_000144,16,16,0.72983426,0.300000,-1360000.000,527000.000,-1359000.000,528000.000,-1376000.000,512000.000,-1344000.000,544000.000,EPSG:3979
ab_coarse_000145_r16_c16,ab_coarse_000145,16,16,0.63194257,0.300000,-1328000.000,527000.000,-1327000.000,528000.000,-1344000.000,512000.000,-1312000.000,544000.000,EPSG:3979
ab_coarse_000145_r16_c17,ab_coarse_000145,16,17,0.33345693,0.300000,-1327000.000,527000.000,-1326000.000,528000.000,-1344000.000,512000.000,-1312000.000,544000.000,EPSG:3979
ab_coarse_000161_r16_c16,ab_coarse_000161,16,16,0.96585941,0.300000,-1360000.000,559000.000,-1359000.000,560000.000,-1376000.000,544000.000,-1344000.000,576000.000,EPSG:3979
ab_coarse_000162_r16_c13,ab_coarse_000162,16,13,0.38695475,0.300000,-1331000.000,559000.000,-1330000.000,560000.000,-1344000.000,544000.000,-1312000.000,576000.000,EPSG:3979
ab_coarse_000162_r16_c14,ab_coarse_000162,16,14,0.44172141,0.300000,-1330000.000,559000.000,-1329000.000,560000.000,-1344000.000,544000.000,-1312000.000,576000.000,EPSG:3979
ab_coarse_000162_r16_c15,ab_coarse_000162,16,15,0.35948464,0.300000,-1329000.000,559000.000,-1328000.000,560000.000,-1344000.000,544000.000,-1312000.000,576000.000,EPSG:3979
ab_coarse_000162_r16_c16,ab_coarse_000162,16,16,0.85987514,0.300000,-1328000.000,559000.000,-1327000.000,560000.000,-1344000.000,544000.000,-1312000.000,576000.000,EPSG:3979
ab_coarse_000175_r16_c16,ab_coarse_000175,16,16,0.63040191,0.300000,-1456000.000,591000.000,-1455000.000,592000.000,-1472000.000,576000.000,-1440000.000,608000.000,EPSG:3979
ab_coarse_000176_r16_c16,ab_coarse_000176,16,16,0.98694205,0.300000,-1424000.000,591000.000,-1423000.000,592000.000,-1440000.000,576000.000,-1408000.000,608000.000,EPSG:3979
ab_coarse_000177_r16_c16,ab_coarse_000177,16,16,0.95433235,0.300000,-1392000.000,591000.000,-1391000.000,592000.000,-1408000.000,576000.000,-1376000.000,608000.000,EPSG:3979
ab_coarse_000178_r16_c16,ab_coarse_000178,16,16,0.92642277,0.300000,-1360000.000,591000.000,-1359000.000,592000.000,-1376000.000,576000.000,-1344000.000,608000.000,EPSG:3979
ab_coarse_000178_r17_c16,ab_coarse_000178,17,16,0.36657044,0.300000,-1360000.000,590000.000,-1359000.000,591000.000,-1376000.000,576000.000,-1344000.000,608000.000,EPSG:3979
ab_coarse_000179_r16_c15,ab_coarse_000179,16,15,0.33196461,0.300000,-1329000.000,591000.000,-1328000.000,592000.000,-1344000.000,576000.000,-1312000.000,608000.000,EPSG:3979
ab_coarse_000179_r16_c16,ab_coarse_000179,16,16,0.86746806,0.300000,-1328000.000,591000.000,-1327000.000,592000.000,-1344000.000,576000.000,-1312000.000,608000.000,EPSG:3979
ab_coarse_000179_r17_c16,ab_coarse_000179,17,16,0.41496730,0.300000,-1328000.000,590000.000,-1327000.000,591000.000,-1344000.000,576000.000,-1312000.000,608000.000,EPSG:3979
ab_coarse_000180_r16_c16,ab_coarse_000180,16,16,0.68579590,0.300000,-1296000.000,591000.000,-1295000.000,592000.000,-1312000.000,576000.000,-1280000.000,608000.000,EPSG:3979
ab_coarse_000180_r16_c17,ab_coarse_000180,16,17,0.38382941,0.300000,-1295000.000,591000.000,-1294000.000,592000.000,-1312000.000,576000.000,-1280000.000,608000.000,EPSG:3979
ab_coarse_000181_r16_c16,ab_coarse_000181,16,16,0.61675000,0.300000,-1264000.000,591000.000,-1263000.000,592000.000,-1280000.000,576000.000,-1248000.000,608000.000,EPSG:3979
ab_coarse_000195_r16_c16,ab_coarse_000195,16,16,0.95363086,0.300000,-1392000.000,623000.000,-1391000.000,624000.000,-1408000.000,608000.000,-1376000.000,640000.000,EPSG:3979
ab_coarse_000196_r16_c16,ab_coarse_000196,16,16,0.70650500,0.300000,-1360000.000,623000.000,-1359000.000,624000.000,-1376000.000,608000.000,-1344000.000,640000.000,EPSG:3979
ab_coarse_000196_r17_c16,ab_coarse_000196,17,16,0.39880607,0.300000,-1360000.000,622000.000,-1359000.000,623000.000,-1376000.000,608000.000,-1344000.000,640000.000,EPSG:3979
ab_coarse_000197_r16_c16,ab_coarse_000197,16,16,0.97991484,0.300000,-1328000.000,623000.000,-1327000.000,624000.000,-1344000.000,608000.000,-1312000.000,640000.000,EPSG:3979
ab_coarse_000198_r16_c16,ab_coarse_000198,16,16,0.98228312,0.300000,-1296000.000,623000.000,-1295000.000,624000.000,-1312000.000,608000.000,-1280000.000,640000.000,EPSG:3979
ab_coarse_000199_r16_c16,ab_coarse_000199,16,16,0.95363587,0.300000,-1264000.000,623000.000,-1263000.000,624000.000,-1280000.000,608000.000,-1248000.000,640000.000,EPSG:3979
ab_coarse_000207_r16_c16,ab_coarse_000207,16,16,0.37105104,0.300000,-1008000.000,623000.000,-1007000.000,624000.000,-1024000.000,608000.000,-992000.000,640000.000,EPSG:3979
ab_coarse_000208_r16_c16,ab_coarse_000208,16,16,0.81946170,0.300000,-976000.000,623000.000,-975000.000,624000.000,-992000.000,608000.000,-960000.000,640000.000,EPSG:3979
ab_coarse_000210_r16_c16,ab_coarse_000210,16,16,0.89806533,0.300000,-1488000.000,655000.000,-1487000.000,656000.000,-1504000.000,640000.000,-1472000.000,672000.000,EPSG:3979
ab_coarse_000213_r16_c16,ab_coarse_000213,16,16,0.93013144,0.300000,-1392000.000,655000.000,-1391000.000,656000.000,-1408000.000,640000.000,-1376000.000,672000.000,EPSG:3979
ab_coarse_000214_r16_c14,ab_coarse_000214,16,14,0.35718247,0.300000,-1362000.000,655000.000,-1361000.000,656000.000,-1376000.000,640000.000,-1344000.000,672000.000,EPSG:3979
ab_coarse_000214_r16_c16,ab_coarse_000214,16,16,0.93032265,0.300000,-1360000.000,655000.000,-1359000.000,656000.000,-1376000.000,640000.000,-1344000.000,672000.000,EPSG:3979
ab_coarse_000215_r16_c16,ab_coarse_000215,16,16,0.98315597,0.300000,-1328000.000,655000.000,-1327000.000,656000.000,-1344000.000,640000.000,-1312000.000,672000.000,EPSG:3979
ab_coarse_000216_r16_c13,ab_coarse_000216,16,13,0.36211610,0.300000,-1299000.000,655000.000,-1298000.000,656000.000,-1312000.000,640000.000,-1280000.000,672000.000,EPSG:3979
ab_coarse_000216_r16_c14,ab_coarse_000216,16,14,0.41022629,0.300000,-1298000.000,655000.000,-1297000.000,656000.000,-1312000.000,640000.000,-1280000.000,672000.000,EPSG:3979
ab_coarse_000216_r16_c16,ab_coarse_000216,16,16,0.96283466,0.300000,-1296000.000,655000.000,-1295000.000,656000.000,-1312000.000,640000.000,-1280000.000,672000.000,EPSG:3979
ab_coarse_000217_r16_c12,ab_coarse_000217,16,12,0.35560250,0.300000,-1268000.000,655000.000,-1267000.000,656000.000,-1280000.000,640000.000,-1248000.000,672000.000,EPSG:3979
ab_coarse_000217_r16_c13,ab_coarse_000217,16,13,0.35016128,0.300000,-1267000.000,655000.000,-1266000.000,656000.000,-1280000.000,640000.000,-1248000.000,672000.000,EPSG:3979
ab_coarse_000217_r16_c14,ab_coarse_000217,16,14,0.53755981,0.300000,-1266000.000,655000.000,-1265000.000,656000.000,-1280000.000,640000.000,-1248000.000,672000.000,EPSG:3979
ab_coarse_000217_r16_c15,ab_coarse_000217,16,15,0.39120072,0.300000,-1265000.000,655000.000,-1264000.000,656000.000,-1280000.000,640000.000,-1248000.000,672000.000,EPSG:3979
ab_coarse_000217_r16_c16,ab_coarse_000217,16,16,0.90510803,0.300000,-1264000.000,655000.000,-1263000.000,656000.000,-1280000.000,640000.000,-1248000.000,672000.000,EPSG:3979
ab_coarse_000217_r17_c16,ab_coarse_000217,17,16,0.33268201,0.300000,-1264000.000,654000.000,-1263000.000,655000.000,-1280000.000,640000.000,-1248000.000,672000.000,EPSG:3979
ab_coarse_000223_r16_c16,ab_coarse_000223,16,16,0.84319514,0.300000,-1072000.000,655000.000,-1071000.000,656000.000,-1088000.000,640000.000,-1056000.000,672000.000,EPSG:3979
ab_coarse_000224_r16_c13,ab_coarse_000224,16,13,0.45890474,0.300000,-1043000.000,655000.000,-1042000.000,656000.000,-1056000.000,640000.000,-1024000.000,672000.000,EPSG:3979
ab_coarse_000224_r16_c14,ab_coarse_000224,16,14,0.43958768,0.300000,-1042000.000,655000.000,-1041000.000,656000.000,-1056000.000,640000.000,-1024000.000,672000.000,EPSG:3979
ab_coarse_000224_r16_c15,ab_coarse_000224,16,15,0.40155733,0.300000,-1041000.000,655000.000,-1040000.000,656000.000,-1056000.000,640000.000,-1024000.000,672000.000,EPSG:3979
ab_coarse_000224_r16_c16,ab_coarse_000224,16,16,0.96048582,0.300000,-1040000.000,655000.000,-1039000.000,656000.000,-1056000.000,640000.000,-1024000.000,672000.000,EPSG:3979
ab_coarse_000224_r16_c17,ab_coarse_000224,16,17,0.30908805,0.300000,-1039000.000,655000.000,-1038000.000,656000.000,-1056000.000,640000.000,-1024000.000,672000.000,EPSG:3979
ab_coarse_000224_r17_c16,ab_coarse_000224,17,16,0.34619641,0.300000,-1040000.000,654000.000,-1039000.000,655000.000,-1056000.000,640000.000,-1024000.000,672000.000,EPSG:3979
ab_coarse_000225_r16_c16,ab_coarse_000225,16,16,0.40234813,0.300000,-1008000.000,655000.000,-1007000.000,656000.000,-1024000.000,640000.000,-992000.000,672000.000,EPSG:3979
ab_coarse_000226_r16_c16,ab_coarse_000226,16,16,0.98864740,0.300000,-976000.000,655000.000,-975000.000,656000.000,-992000.000,640000.000,-960000.000,672000.000,EPSG:3979
ab_coarse_000231_r16_c16,ab_coarse_000231,16,16,0.98231679,0.300000,-1424000.000,687000.000,-1423000.000,688000.000,-1440000.000,672000.000,-1408000.000,704000.000,EPSG:3979
ab_coarse_000232_r16_c16,ab_coarse_000232,16,16,0.94887114,0.300000,-1392000.000,687000.000,-1391000.000,688000.000,-1408000.000,672000.000,-1376000.000,704000.000,EPSG:3979
ab_coarse_000232_r17_c16,ab_coarse_000232,17,16,0.45968395,0.300000,-1392000.000,686000.000,-1391000.000,687000.000,-1408000.000,672000.000,-1376000.000,704000.000,EPSG:3979
ab_coarse_000233_r16_c16,ab_coarse_000233,16,16,0.97757769,0.300000,-1360000.000,687000.000,-1359000.000,688000.000,-1376000.000,672000.000,-1344000.000,704000.000,EPSG:3979
ab_coarse_000234_r16_c16,ab_coarse_000234,16,16,0.97597402,0.300000,-1328000.000,687000.000,-1327000.000,688000.000,-1344000.000,672000.000,-1312000.000,704000.000,EPSG:3979
ab_coarse_000235_r16_c13,ab_coarse_000235,16,13,0.33417773,0.300000,-1299000.000,687000.000,-1298000.000,688000.000,-1312000.000,672000.000,-1280000.000,704000.000,EPSG:3979
ab_coarse_000235_r16_c14,ab_coarse_000235,16,14,0.46578255,0.300000,-1298000.000,687000.000,-1297000.000,688000.000,-1312000.000,672000.000,-1280000.000,704000.000,EPSG:3979
ab_coarse_000235_r16_c15,ab_coarse_000235,16,15,0.30010921,0.300000,-1297000.000,687000.000,-1296000.000,688000.000,-1312000.000,672000.000,-1280000.000,704000.000,EPSG:3979
ab_coarse_000235_r16_c16,ab_coarse_000235,16,16,0.91807789,0.300000,-1296000.000,687000.000,-1295000.000,688000.000,-1312000.000,672000.000,-1280000.000,704000.000,EPSG:3979
ab_coarse_000236_r16_c13,ab_coarse_000236,16,13,0.42056999,0.300000,-1267000.000,687000.000,-1266000.000,688000.000,-1280000.000,672000.000,-1248000.000,704000.000,EPSG:3979
ab_coarse_000236_r16_c14,ab_coarse_000236,16,14,0.49056894,0.300000,-1266000.000,687000.000,-1265000.000,688000.000,-1280000.000,672000.000,-1248000.000,704000.000,EPSG:3979
ab_coarse_000236_r16_c15,ab_coarse_000236,16,15,0.42488360,0.300000,-1265000.000,687000.000,-1264000.000,688000.000,-1280000.000,672000.000,-1248000.000,704000.000,EPSG:3979
ab_coarse_000236_r16_c16,ab_coarse_000236,16,16,0.93895555,0.300000,-1264000.000,687000.000,-1263000.000,688000.000,-1280000.000,672000.000,-1248000.000,704000.000,EPSG:3979
ab_coarse_000236_r16_c17,ab_coarse_000236,16,17,0.30250597,0.300000,-1263000.000,687000.000,-1262000.000,688000.000,-1280000.000,672000.000,-1248000.000,704000.000,EPSG:3979
ab_coarse_000237_r16_c15,ab_coarse_000237,16,15,0.37806290,0.300000,-1233000.000,687000.000,-1232000.000,688000.000,-1248000.000,672000.000,-1216000.000,704000.000,EPSG:3979
ab_coarse_000237_r16_c16,ab_coarse_000237,16,16,0.65128672,0.300000,-1232000.000,687000.000,-1231000.000,688000.000,-1248000.000,672000.000,-1216000.000,704000.000,EPSG:3979
ab_coarse_000242_r16_c16,ab_coarse_000242,16,16,0.95773506,0.300000,-1072000.000,687000.000,-1071000.000,688000.000,-1088000.000,672000.000,-1056000.000,704000.000,EPSG:3979
ab_coarse_000243_r16_c14,ab_coarse_000243,16,14,0.39277607,0.300000,-1042000.000,687000.000,-1041000.000,688000.000,-1056000.000,672000.000,-1024000.000,704000.000,EPSG:3979
ab_coarse_000243_r16_c15,ab_coarse_000243,16,15,0.37822717,0.300000,-1041000.000,687000.000,-1040000.000,688000.000,-1056000.000,672000.000,-1024000.000,704000.000,EPSG:3979
ab_coarse_000243_r16_c16,ab_coarse_000243,16,16,0.90213072,0.300000,-1040000.000,687000.000,-1039000.000,688000.000,-1056000.000,672000.000,-1024000.000,704000.000,EPSG:3979
ab_coarse_000243_r16_c17,ab_coarse_000243,16,17,0.35218588,0.300000,-1039000.000,687000.000,-1038000.000,688000.000,-1056000.000,672000.000,-1024000.000,704000.000,EPSG:3979
ab_coarse_000244_r16_c14,ab_coarse_000244,16,14,0.31337303,0.300000,-1010000.000,687000.000,-1009000.000,688000.000,-1024000.000,672000.000,-992000.000,704000.000,EPSG:3979
ab_coarse_000244_r16_c16,ab_coarse_000244,16,16,0.99468684,0.300000,-1008000.000,687000.000,-1007000.000,688000.000,-1024000.000,672000.000,-992000.000,704000.000,EPSG:3979
ab_coarse_000245_r16_c16,ab_coarse_000245,16,16,0.99928200,0.300000,-976000.000,687000.000,-975000.000,688000.000,-992000.000,672000.000,-960000.000,704000.000,EPSG:3979
ab_coarse_000249_r16_c16,ab_coarse_000249,16,16,0.99844044,0.300000,-1456000.000,719000.000,-1455000.000,720000.000,-1472000.000,704000.000,-1440000.000,736000.000,EPSG:3979
ab_coarse_000250_r16_c16,ab_coarse_000250,16,16,0.99669927,0.300000,-1424000.000,719000.000,-1423000.000,720000.000,-1440000.000,704000.000,-1408000.000,736000.000,EPSG:3979
ab_coarse_000251_r16_c16,ab_coarse_000251,16,16,0.98961920,0.300000,-1392000.000,719000.000,-1391000.000,720000.000,-1408000.000,704000.000,-1376000.000,736000.000,EPSG:3979
ab_coarse_000252_r16_c16,ab_coarse_000252,16,16,0.97286630,0.300000,-1360000.000,719000.000,-1359000.000,720000.000,-1376000.000,704000.000,-1344000.000,736000.000,EPSG:3979
ab_coarse_000253_r16_c16,ab_coarse_000253,16,16,0.98744845,0.300000,-1328000.000,719000.000,-1327000.000,720000.000,-1344000.000,704000.000,-1312000.000,736000.000,EPSG:3979
ab_coarse_000254_r16_c14,ab_coarse_000254,16,14,0.30530697,0.300000,-1298000.000,719000.000,-1297000.000,720000.000,-1312000.000,704000.000,-1280000.000,736000.000,EPSG:3979
ab_coarse_000254_r16_c16,ab_coarse_000254,16,16,0.89677542,0.300000,-1296000.000,719000.000,-1295000.000,720000.000,-1312000.000,704000.000,-1280000.000,736000.000,EPSG:3979
ab_coarse_000255_r16_c16,ab_coarse_000255,16,16,0.99477190,0.300000,-1264000.000,719000.000,-1263000.000,720000.000,-1280000.000,704000.000,-1248000.000,736000.000,EPSG:3979
ab_coarse_000256_r16_c16,ab_coarse_000256,16,16,0.99946147,0.300000,-1232000.000,719000.000,-1231000.000,720000.000,-1248000.000,704000.000,-1216000.000,736000.000,EPSG:3979
ab_coarse_000258_r16_c16,ab_coarse_000258,16,16,0.89374989,0.300000,-1168000.000,719000.000,-1167000.000,720000.000,-1184000.000,704000.000,-1152000.000,736000.000,EPSG:3979
ab_coarse_000259_r16_c15,ab_coarse_000259,16,15,0.33265701,0.300000,-1137000.000,719000.000,-1136000.000,720000.000,-1152000.000,704000.000,-1120000.000,736000.000,EPSG:3979
ab_coarse_000259_r16_c16,ab_coarse_000259,16,16,0.84402335,0.300000,-1136000.000,719000.000,-1135000.000,720000.000,-1152000.000,704000.000,-1120000.000,736000.000,EPSG:3979
ab_coarse_000259_r16_c17,ab_coarse_000259,16,17,0.31291556,0.300000,-1135000.000,719000.000,-1134000.000,720000.000,-1152000.000,704000.000,-1120000.000,736000.000,EPSG:3979
ab_coarse_000259_r17_c16,ab_coarse_000259,17,16,0.39852479,0.300000,-1136000.000,718000.000,-1135000.000,719000.000,-1152000.000,704000.000,-1120000.000,736000.000,EPSG:3979
ab_coarse_000260_r16_c15,ab_coarse_000260,16,15,0.30791351,0.300000,-1105000.000,719000.000,-1104000.000,720000.000,-1120000.000,704000.000,-1088000.000,736000.000,EPSG:3979
ab_coarse_000260_r16_c16,ab_coarse_000260,16,16,0.91667056,0.300000,-1104000.000,719000.000,-1103000.000,720000.000,-1120000.000,704000.000,-1088000.000,736000.000,EPSG:3979
ab_coarse_000261_r16_c16,ab_coarse_000261,16,16,0.99775380,0.300000,-1072000.000,719000.000,-1071000.000,720000.000,-1088000.000,704000.000,-1056000.000,736000.000,EPSG:3979
ab_coarse_000262_r16_c14,ab_coarse_000262,16,14,0.59312093,0.300000,-1042000.000,719000.000,-1041000.000,720000.000,-1056000.000,704000.000,-1024000.000,736000.000,EPSG:3979
ab_coarse_000262_r16_c16,ab_coarse_000262,16,16,0.96369946,0.300000,-1040000.000,719000.000,-1039000.000,720000.000,-1056000.000,704000.000,-1024000.000,736000.000,EPSG:3979
ab_coarse_000262_r16_c17,ab_coarse_000262,16,17,0.38776743,0.300000,-1039000.000,719000.000,-1038000.000,720000.000,-1056000.000,704000.000,-1024000.000,736000.000,EPSG:3979
ab_coarse_000262_r17_c16,ab_coarse_000262,17,16,0.34436378,0.300000,-1040000.000,718000.000,-1039000.000,719000.000,-1056000.000,704000.000,-1024000.000,736000.000,EPSG:3979
ab_coarse_000263_r16_c16,ab_coarse_000263,16,16,0.99487913,0.300000,-1008000.000,719000.000,-1007000.000,720000.000,-1024000.000,704000.000,-992000.000,736000.000,EPSG:3979
ab_coarse_000264_r16_c16,ab_coarse_000264,16,16,0.99467266,0.300000,-976000.000,719000.000,-975000.000,720000.000,-992000.000,704000.000,-960000.000,736000.000,EPSG:3979
ab_coarse_000269_r16_c16,ab_coarse_000269,16,16,0.99935621,0.300000,-1456000.000,751000.000,-1455000.000,752000.000,-1472000.000,736000.000,-1440000.000,768000.000,EPSG:3979
ab_coarse_000270_r16_c16,ab_coarse_000270,16,16,0.99643373,0.300000,-1424000.000,751000.000,-1423000.000,752000.000,-1440000.000,736000.000,-1408000.000,768000.000,EPSG:3979
ab_coarse_000271_r16_c16,ab_coarse_000271,16,16,0.94064075,0.300000,-1392000.000,751000.000,-1391000.000,752000.000,-1408000.000,736000.000,-1376000.000,768000.000,EPSG:3979
ab_coarse_000272_r16_c16,ab_coarse_000272,16,16,0.93927711,0.300000,-1360000.000,751000.000,-1359000.000,752000.000,-1376000.000,736000.000,-1344000.000,768000.000,EPSG:3979
ab_coarse_000273_r16_c16,ab_coarse_000273,16,16,0.99473721,0.300000,-1328000.000,751000.000,-1327000.000,752000.000,-1344000.000,736000.000,-1312000.000,768000.000,EPSG:3979
ab_coarse_000274_r16_c16,ab_coarse_000274,16,16,0.99971431,0.300000,-1296000.000,751000.000,-1295000.000,752000.000,-1312000.000,736000.000,-1280000.000,768000.000,EPSG:3979
ab_coarse_000275_r16_c16,ab_coarse_000275,16,16,0.99504495,0.300000,-1264000.000,751000.000,-1263000.000,752000.000,-1280000.000,736000.000,-1248000.000,768000.000,EPSG:3979
ab_coarse_000276_r16_c16,ab_coarse_000276,16,16,0.98649287,0.300000,-1232000.000,751000.000,-1231000.000,752000.000,-1248000.000,736000.000,-1216000.000,768000.000,EPSG:3979
ab_coarse_000276_r17_c16,ab_coarse_000276,17,16,0.32149562,0.300000,-1232000.000,750000.000,-1231000.000,751000.000,-1248000.000,736000.000,-1216000.000,768000.000,EPSG:3979
ab_coarse_000277_r16_c14,ab_coarse_000277,16,14,0.38511780,0.300000,-1202000.000,751000.000,-1201000.000,752000.000,-1216000.000,736000.000,-1184000.000,768000.000,EPSG:3979
ab_coarse_000277_r16_c15,ab_coarse_000277,16,15,0.39177778,0.300000,-1201000.000,751000.000,-1200000.000,752000.000,-1216000.000,736000.000,-1184000.000,768000.000,EPSG:3979
ab_coarse_000277_r16_c16,ab_coarse_000277,16,16,0.87856746,0.300000,-1200000.000,751000.000,-1199000.000,752000.000,-1216000.000,736000.000,-1184000.000,768000.000,EPSG:3979
ab_coarse_000277_r16_c17,ab_coarse_000277,16,17,0.35087514,0.300000,-1199000.000,751000.000,-1198000.000,752000.000,-1216000.000,736000.000,-1184000.000,768000.000,EPSG:3979
ab_coarse_000277_r17_c16,ab_coarse_000277,17,16,0.46349111,0.300000,-1200000.000,750000.000,-1199000.000,751000.000,-1216000.000,736000.000,-1184000.000,768000.000,EPSG:3979
ab_coarse_000278_r16_c16,ab_coarse_000278,16,16,0.92345887,0.300000,-1168000.000,751000.000,-1167000.000,752000.000,-1184000.000,736000.000,-1152000.000,768000.000,EPSG:3979
ab_coarse_000278_r16_c17,ab_coarse_000278,16,17,0.32933858,0.300000,-1167000.000,751000.000,-1166000.000,752000.000,-1184000.000,736000.000,-1152000.000,768000.000,EPSG:3979
ab_coarse_000278_r17_c16,ab_coarse_000278,17,16,0.40130767,0.300000,-1168000.000,750000.000,-1167000.000,751000.000,-1184000.000,736000.000,-1152000.000,768000.000,EPSG:3979
ab_coarse_000279_r16_c16,ab_coarse_000279,16,16,0.94371331,0.300000,-1136000.000,751000.000,-1135000.000,752000.000,-1152000.000,736000.000,-1120000.000,768000.000,EPSG:3979
ab_coarse_000280_r16_c16,ab_coarse_000280,16,16,0.99928081,0.300000,-1104000.000,751000.000,-1103000.000,752000.000,-1120000.000,736000.000,-1088000.000,768000.000,EPSG:3979
ab_coarse_000281_r16_c16,ab_coarse_000281,16,16,0.98935986,0.300000,-1072000.000,751000.000,-1071000.000,752000.000,-1088000.000,736000.000,-1056000.000,768000.000,EPSG:3979
ab_coarse_000282_r16_c16,ab_coarse_000282,16,16,0.98729169,0.300000,-1040000.000,751000.000,-1039000.000,752000.000,-1056000.000,736000.000,-1024000.000,768000.000,EPSG:3979
ab_coarse_000283_r16_c16,ab_coarse_000283,16,16,0.99949992,0.300000,-1008000.000,751000.000,-1007000.000,752000.000,-1024000.000,736000.000,-992000.000,768000.000,EPSG:3979
ab_coarse_000284_r16_c16,ab_coarse_000284,16,16,0.99960601,0.300000,-976000.000,751000.000,-975000.000,752000.000,-992000.000,736000.000,-960000.000,768000.000,EPSG:3979
ab_coarse_000285_r16_c16,ab_coarse_000285,16,16,0.99560326,0.300000,-944000.000,751000.000,-943000.000,752000.000,-960000.000,736000.000,-928000.000,768000.000,EPSG:3979
ab_coarse_000289_r16_c16,ab_coarse_000289,16,16,0.35573527,0.300000,-1488000.000,783000.000,-1487000.000,784000.000,-1504000.000,768000.000,-1472000.000,800000.000,EPSG:3979
ab_coarse_000290_r16_c16,ab_coarse_000290,16,16,0.99407625,0.300000,-1456000.000,783000.000,-1455000.000,784000.000,-1472000.000,768000.000,-1440000.000,800000.000,EPSG:3979
ab_coarse_000291_r16_c16,ab_coarse_000291,16,16,0.98141944,0.300000,-1424000.000,783000.000,-1423000.000,784000.000,-1440000.000,768000.000,-1408000.000,800000.000,EPSG:3979
ab_coarse_000292_r16_c16,ab_coarse_000292,16,16,0.97985929,0.300000,-1392000.000,783000.000,-1391000.000,784000.000,-1408000.000,768000.000,-1376000.000,800000.000,EPSG:3979
ab_coarse_000293_r16_c16,ab_coarse_000293,16,16,0.97445899,0.300000,-1360000.000,783000.000,-1359000.000,784000.000,-1376000.000,768000.000,-1344000.000,800000.000,EPSG:3979
ab_coarse_000294_r16_c16,ab_coarse_000294,16,16,0.97594267,0.300000,-1328000.000,783000.000,-1327000.000,784000.000,-1344000.000,768000.000,-1312000.000,800000.000,EPSG:3979
ab_coarse_000295_r16_c16,ab_coarse_000295,16,16,0.99976367,0.300000,-1296000.000,783000.000,-1295000.000,784000.000,-1312000.000,768000.000,-1280000.000,800000.000,EPSG:3979
ab_coarse_000296_r16_c16,ab_coarse_000296,16,16,0.99979007,0.300000,-1264000.000,783000.000,-1263000.000,784000.000,-1280000.000,768000.000,-1248000.000,800000.000,EPSG:3979
ab_coarse_000297_r16_c16,ab_coarse_000297,16,16,0.99927312,0.300000,-1232000.000,783000.000,-1231000.000,784000.000,-1248000.000,768000.000,-1216000.000,800000.000,EPSG:3979
ab_coarse_000298_r16_c12,ab_coarse_000298,16,12,0.75464982,0.300000,-1204000.000,783000.000,-1203000.000,784000.000,-1216000.000,768000.000,-1184000.000,800000.000,EPSG:3979
ab_coarse_000298_r16_c13,ab_coarse_000298,16,13,0.62777328,0.300000,-1203000.000,783000.000,-1202000.000,784000.000,-1216000.000,768000.000,-1184000.000,800000.000,EPSG:3979
ab_coarse_000298_r16_c14,ab_coarse_000298,16,14,0.83844107,0.300000,-1202000.000,783000.000,-1201000.000,784000.000,-1216000.000,768000.000,-1184000.000,800000.000,EPSG:3979
ab_coarse_000298_r16_c15,ab_coarse_000298,16,15,0.57261312,0.300000,-1201000.000,783000.000,-1200000.000,784000.000,-1216000.000,768000.000,-1184000.000,800000.000,EPSG:3979
ab_coarse_000298_r16_c16,ab_coarse_000298,16,16,0.91527408,0.300000,-1200000.000,783000.000,-1199000.000,784000.000,-1216000.000,768000.000,-1184000.000,800000.000,EPSG:3979
ab_coarse_000298_r16_c17,ab_coarse_000298,16,17,0.40211263,0.300000,-1199000.000,783000.000,-1198000.000,784000.000,-1216000.000,768000.000,-1184000.000,800000.000,EPSG:3979
ab_coarse_000298_r17_c16,ab_coarse_000298,17,16,0.40236583,0.300000,-1200000.000,782000.000,-1199000.000,783000.000,-1216000.000,768000.000,-1184000.000,800000.000,EPSG:3979
ab_coarse_000299_r16_c16,ab_coarse_000299,16,16,0.98553234,0.300000,-1168000.000,783000.000,-1167000.000,784000.000,-1184000.000,768000.000,-1152000.000,800000.000,EPSG:3979
ab_coarse_000300_r16_c16,ab_coarse_000300,16,16,0.93403816,0.300000,-1136000.000,783000.000,-1135000.000,784000.000,-1152000.000,768000.000,-1120000.000,800000.000,EPSG:3979
ab_coarse_000301_r16_c16,ab_coarse_000301,16,16,0.94149750,0.300000,-1104000.000,783000.000,-1103000.000,784000.000,-1120000.000,768000.000,-1088000.000,800000.000,EPSG:3979
ab_coarse_000301_r17_c16,ab_coarse_000301,17,16,0.31908700,0.300000,-1104000.000,782000.000,-1103000.000,783000.000,-1120000.000,768000.000,-1088000.000,800000.000,EPSG:3979
ab_coarse_000302_r16_c16,ab_coarse_000302,16,16,0.92321354,0.300000,-1072000.000,783000.000,-1071000.000,784000.000,-1088000.000,768000.000,-1056000.000,800000.000,EPSG:3979
ab_coarse_000303_r16_c16,ab_coarse_000303,16,16,0.99905938,0.300000,-1040000.000,783000.000,-1039000.000,784000.000,-1056000.000,768000.000,-1024000.000,800000.000,EPSG:3979
ab_coarse_000304_r16_c16,ab_coarse_000304,16,16,0.99531966,0.300000,-1008000.000,783000.000,-1007000.000,784000.000,-1024000.000,768000.000,-992000.000,800000.000,EPSG:3979
ab_coarse_000305_r16_c16,ab_coarse_000305,16,16,0.98279279,0.300000,-976000.000,783000.000,-975000.000,784000.000,-992000.000,768000.000,-960000.000,800000.000,EPSG:3979
ab_coarse_000306_r16_c16,ab_coarse_000306,16,16,0.97153622,0.300000,-944000.000,783000.000,-943000.000,784000.000,-960000.000,768000.000,-928000.000,800000.000,EPSG:3979
ab_coarse_000309_r16_c16,ab_coarse_000309,16,16,0.99553192,0.300000,-1552000.000,815000.000,-1551000.000,816000.000,-1568000.000,800000.000,-1536000.000,832000.000,EPSG:3979
ab_coarse_000311_r16_c16,ab_coarse_000311,16,16,0.99176180,0.300000,-1488000.000,815000.000,-1487000.000,816000.000,-1504000.000,800000.000,-1472000.000,832000.000,EPSG:3979
ab_coarse_000312_r16_c16,ab_coarse_000312,16,16,0.94143343,0.300000,-1456000.000,815000.000,-1455000.000,816000.000,-1472000.000,800000.000,-1440000.000,832000.000,EPSG:3979
ab_coarse_000313_r16_c14,ab_coarse_000313,16,14,0.42963713,0.300000,-1426000.000,815000.000,-1425000.000,816000.000,-1440000.000,800000.000,-1408000.000,832000.000,EPSG:3979
ab_coarse_000313_r16_c16,ab_coarse_000313,16,16,0.98573405,0.300000,-1424000.000,815000.000,-1423000.000,816000.000,-1440000.000,800000.000,-1408000.000,832000.000,EPSG:3979
ab_coarse_000314_r16_c16,ab_coarse_000314,16,16,0.94297290,0.300000,-1392000.000,815000.000,-1391000.000,816000.000,-1408000.000,800000.000,-1376000.000,832000.000,EPSG:3979
ab_coarse_000315_r16_c16,ab_coarse_000315,16,16,0.98983043,0.300000,-1360000.000,815000.000,-1359000.000,816000.000,-1376000.000,800000.000,-1344000.000,832000.000,EPSG:3979
ab_coarse_000316_r16_c16,ab_coarse_000316,16,16,0.99321115,0.300000,-1328000.000,815000.000,-1327000.000,816000.000,-1344000.000,800000.000,-1312000.000,832000.000,EPSG:3979
ab_coarse_000317_r16_c16,ab_coarse_000317,16,16,0.99924415,0.300000,-1296000.000,815000.000,-1295000.000,816000.000,-1312000.000,800000.000,-1280000.000,832000.000,EPSG:3979
ab_coarse_000318_r16_c16,ab_coarse_000318,16,16,0.99828845,0.300000,-1264000.000,815000.000,-1263000.000,816000.000,-1280000.000,800000.000,-1248000.000,832000.000,EPSG:3979
ab_coarse_000319_r16_c16,ab_coarse_000319,16,16,0.98498940,0.300000,-1232000.000,815000.000,-1231000.000,816000.000,-1248000.000,800000.000,-1216000.000,832000.000,EPSG:3979
ab_coarse_000320_r16_c16,ab_coarse_000320,16,16,0.95442772,0.300000,-1200000.000,815000.000,-1199000.000,816000.000,-1216000.000,800000.000,-1184000.000,832000.000,EPSG:3979
ab_coarse_000321_r16_c16,ab_coarse_000321,16,16,0.98752391,0.300000,-1168000.000,815000.000,-1167000.000,816000.000,-1184000.000,800000.000,-1152000.000,832000.000,EPSG:3979
ab_coarse_000322_r16_c16,ab_coarse_000322,16,16,0.97637028,0.300000,-1136000.000,815000.000,-1135000.000,816000.000,-1152000.000,800000.000,-1120000.000,832000.000,EPSG:3979
ab_coarse_000323_r16_c16,ab_coarse_000323,16,16,0.99550569,0.300000,-1104000.000,815000.000,-1103000.000,816000.000,-1120000.000,800000.000,-1088000.000,832000.000,EPSG:3979
ab_coarse_000324_r16_c16,ab_coarse_000324,16,16,0.99814546,0.300000,-1072000.000,815000.000,-1071000.000,816000.000,-1088000.000,800000.000,-1056000.000,832000.000,EPSG:3979
ab_coarse_000325_r16_c16,ab_coarse_000325,16,16,0.99923229,0.300000,-1040000.000,815000.000,-1039000.000,816000.000,-1056000.000,800000.000,-1024000.000,832000.000,EPSG:3979
ab_coarse_000326_r16_c16,ab_coarse_000326,16,16,0.99306327,0.300000,-1008000.000,815000.000,-1007000.000,816000.000,-1024000.000,800000.000,-992000.000,832000.000,EPSG:3979
ab_coarse_000327_r16_c16,ab_coarse_000327,16,16,0.98263395,0.300000,-976000.000,815000.000,-975000.000,816000.000,-992000.000,800000.000,-960000.000,832000.000,EPSG:3979
ab_coarse_000328_r16_c16,ab_coarse_000328,16,16,0.98794192,0.300000,-944000.000,815000.000,-943000.000,816000.000,-960000.000,800000.000,-928000.000,832000.000,EPSG:3979
ab_coarse_000332_r16_c16,ab_coarse_000332,16,16,0.99931049,0.300000,-1520000.000,847000.000,-1519000.000,848000.000,-1536000.000,832000.000,-1504000.000,864000.000,EPSG:3979
ab_coarse_000333_r16_c16,ab_coarse_000333,16,16,0.99883014,0.300000,-1488000.000,847000.000,-1487000.000,848000.000,-1504000.000,832000.000,-1472000.000,864000.000,EPSG:3979
ab_coarse_000334_r16_c16,ab_coarse_000334,16,16,0.98652053,0.300000,-1456000.000,847000.000,-1455000.000,848000.000,-1472000.000,832000.000,-1440000.000,864000.000,EPSG:3979
ab_coarse_000335_r16_c16,ab_coarse_000335,16,16,0.94306439,0.300000,-1424000.000,847000.000,-1423000.000,848000.000,-1440000.000,832000.000,-1408000.000,864000.000,EPSG:3979
ab_coarse_000336_r16_c16,ab_coarse_000336,16,16,0.99597389,0.300000,-1392000.000,847000.000,-1391000.000,848000.000,-1408000.000,832000.000,-1376000.000,864000.000,EPSG:3979
ab_coarse_000337_r16_c16,ab_coarse_000337,16,16,0.99925226,0.300000,-1360000.000,847000.000,-1359000.000,848000.000,-1376000.000,832000.000,-1344000.000,864000.000,EPSG:3979
ab_coarse_000338_r16_c16,ab_coarse_000338,16,16,0.99985456,0.300000,-1328000.000,847000.000,-1327000.000,848000.000,-1344000.000,832000.000,-1312000.000,864000.000,EPSG:3979
ab_coarse_000339_r16_c16,ab_coarse_000339,16,16,0.94980448,0.300000,-1296000.000,847000.000,-1295000.000,848000.000,-1312000.000,832000.000,-1280000.000,864000.000,EPSG:3979
ab_coarse_000339_r17_c16,ab_coarse_000339,17,16,0.37015912,0.300000,-1296000.000,846000.000,-1295000.000,847000.000,-1312000.000,832000.000,-1280000.000,864000.000,EPSG:3979
ab_coarse_000340_r16_c16,ab_coarse_000340,16,16,0.98863679,0.300000,-1264000.000,847000.000,-1263000.000,848000.000,-1280000.000,832000.000,-1248000.000,864000.000,EPSG:3979
ab_coarse_000341_r16_c16,ab_coarse_000341,16,16,0.93712145,0.300000,-1232000.000,847000.000,-1231000.000,848000.000,-1248000.000,832000.000,-1216000.000,864000.000,EPSG:3979
ab_coarse_000342_r16_c14,ab_coarse_000342,16,14,0.36435121,0.300000,-1202000.000,847000.000,-1201000.000,848000.000,-1216000.000,832000.000,-1184000.000,864000.000,EPSG:3979
ab_coarse_000342_r16_c16,ab_coarse_000342,16,16,0.97195315,0.300000,-1200000.000,847000.000,-1199000.000,848000.000,-1216000.000,832000.000,-1184000.000,864000.000,EPSG:3979
ab_coarse_000343_r16_c16,ab_coarse_000343,16,16,0.98026842,0.300000,-1168000.000,847000.000,-1167000.000,848000.000,-1184000.000,832000.000,-1152000.000,864000.000,EPSG:3979
ab_coarse_000344_r16_c16,ab_coarse_000344,16,16,0.98659348,0.300000,-1136000.000,847000.000,-1135000.000,848000.000,-1152000.000,832000.000,-1120000.000,864000.000,EPSG:3979
ab_coarse_000345_r16_c16,ab_coarse_000345,16,16,0.99897832,0.300000,-1104000.000,847000.000,-1103000.000,848000.000,-1120000.000,832000.000,-1088000.000,864000.000,EPSG:3979
ab_coarse_000346_r16_c16,ab_coarse_000346,16,16,0.99961269,0.300000,-1072000.000,847000.000,-1071000.000,848000.000,-1088000.000,832000.000,-1056000.000,864000.000,EPSG:3979
ab_coarse_000347_r16_c16,ab_coarse_000347,16,16,0.98443788,0.300000,-1040000.000,847000.000,-1039000.000,848000.000,-1056000.000,832000.000,-1024000.000,864000.000,EPSG:3979
ab_coarse_000348_r16_c16,ab_coarse_000348,16,16,0.85124218,0.300000,-1008000.000,847000.000,-1007000.000,848000.000,-1024000.000,832000.000,-992000.000,864000.000,EPSG:3979
ab_coarse_000349_r16_c16,ab_coarse_000349,16,16,0.97168136,0.300000,-976000.000,847000.000,-975000.000,848000.000,-992000.000,832000.000,-960000.000,864000.000,EPSG:3979
ab_coarse_000350_r16_c16,ab_coarse_000350,16,16,0.99117553,0.300000,-944000.000,847000.000,-943000.000,848000.000,-960000.000,832000.000,-928000.000,864000.000,EPSG:3979
ab_coarse_000351_r16_c12,ab_coarse_000351,16,12,0.33784696,0.300000,-916000.000,847000.000,-915000.000,848000.000,-928000.000,832000.000,-896000.000,864000.000,EPSG:3979
ab_coarse_000353_r16_c16,ab_coarse_000353,16,16,0.73660541,0.300000,-1552000.000,879000.000,-1551000.000,880000.000,-1568000.000,864000.000,-1536000.000,896000.000,EPSG:3979
ab_coarse_000354_r16_c16,ab_coarse_000354,16,16,0.98710823,0.300000,-1520000.000,879000.000,-1519000.000,880000.000,-1536000.000,864000.000,-1504000.000,896000.000,EPSG:3979
ab_coarse_000355_r16_c16,ab_coarse_000355,16,16,0.99483663,0.300000,-1488000.000,879000.000,-1487000.000,880000.000,-1504000.000,864000.000,-1472000.000,896000.000,EPSG:3979
ab_coarse_000356_r16_c16,ab_coarse_000356,16,16,0.96872777,0.300000,-1456000.000,879000.000,-1455000.000,880000.000,-1472000.000,864000.000,-1440000.000,896000.000,EPSG:3979
ab_coarse_000357_r16_c16,ab_coarse_000357,16,16,0.92865616,0.300000,-1424000.000,879000.000,-1423000.000,880000.000,-1440000.000,864000.000,-1408000.000,896000.000,EPSG:3979
ab_coarse_000358_r16_c16,ab_coarse_000358,16,16,0.99981809,0.300000,-1392000.000,879000.000,-1391000.000,880000.000,-1408000.000,864000.000,-1376000.000,896000.000,EPSG:3979
ab_coarse_000359_r16_c16,ab_coarse_000359,16,16,0.99994957,0.300000,-1360000.000,879000.000,-1359000.000,880000.000,-1376000.000,864000.000,-1344000.000,896000.000,EPSG:3979
ab_coarse_000360_r16_c16,ab_coarse_000360,16,16,0.99130273,0.300000,-1328000.000,879000.000,-1327000.000,880000.000,-1344000.000,864000.000,-1312000.000,896000.000,EPSG:3979
ab_coarse_000361_r16_c16,ab_coarse_000361,16,16,0.99662030,0.300000,-1296000.000,879000.000,-1295000.000,880000.000,-1312000.000,864000.000,-1280000.000,896000.000,EPSG:3979
ab_coarse_000362_r16_c16,ab_coarse_000362,16,16,0.99941421,0.300000,-1264000.000,879000.000,-1263000.000,880000.000,-1280000.000,864000.000,-1248000.000,896000.000,EPSG:3979
ab_coarse_000363_r16_c16,ab_coarse_000363,16,16,0.99287403,0.300000,-1232000.000,879000.000,-1231000.000,880000.000,-1248000.000,864000.000,-1216000.000,896000.000,EPSG:3979
ab_coarse_000364_r16_c16,ab_coarse_000364,16,16,0.99810350,0.300000,-1200000.000,879000.000,-1199000.000,880000.000,-1216000.000,864000.000,-1184000.000,896000.000,EPSG:3979
ab_coarse_000365_r16_c16,ab_coarse_000365,16,16,0.99925476,0.300000,-1168000.000,879000.000,-1167000.000,880000.000,-1184000.000,864000.000,-1152000.000,896000.000,EPSG:3979
ab_coarse_000366_r16_c16,ab_coarse_000366,16,16,0.99927217,0.300000,-1136000.000,879000.000,-1135000.000,880000.000,-1152000.000,864000.000,-1120000.000,896000.000,EPSG:3979
ab_coarse_000367_r16_c16,ab_coarse_000367,16,16,0.99753726,0.300000,-1104000.000,879000.000,-1103000.000,880000.000,-1120000.000,864000.000,-1088000.000,896000.000,EPSG:3979
ab_coarse_000368_r16_c16,ab_coarse_000368,16,16,0.99722606,0.300000,-1072000.000,879000.000,-1071000.000,880000.000,-1088000.000,864000.000,-1056000.000,896000.000,EPSG:3979
ab_coarse_000369_r16_c16,ab_coarse_000369,16,16,0.98695797,0.300000,-1040000.000,879000.000,-1039000.000,880000.000,-1056000.000,864000.000,-1024000.000,896000.000,EPSG:3979
ab_coarse_000370_r16_c16,ab_coarse_000370,16,16,0.98260260,0.300000,-1008000.000,879000.000,-1007000.000,880000.000,-1024000.000,864000.000,-992000.000,896000.000,EPSG:3979
ab_coarse_000371_r16_c16,ab_coarse_000371,16,16,0.99027497,0.300000,-976000.000,879000.000,-975000.000,880000.000,-992000.000,864000.000,-960000.000,896000.000,EPSG:3979
ab_coarse_000372_r16_c16,ab_coarse_000372,16,16,0.99571306,0.300000,-944000.000,879000.000,-943000.000,880000.000,-960000.000,864000.000,-928000.000,896000.000,EPSG:3979
ab_coarse_000373_r16_c14,ab_coarse_000373,16,14,0.42830279,0.300000,-914000.000,879000.000,-913000.000,880000.000,-928000.000,864000.000,-896000.000,896000.000,EPSG:3979
ab_coarse_000373_r16_c16,ab_coarse_000373,16,16,0.98537719,0.300000,-912000.000,879000.000,-911000.000,880000.000,-928000.000,864000.000,-896000.000,896000.000,EPSG:3979
ab_coarse_000375_r16_c16,ab_coarse_000375,16,16,0.98259860,0.300000,-1520000.000,911000.000,-1519000.000,912000.000,-1536000.000,896000.000,-1504000.000,928000.000,EPSG:3979
ab_coarse_000376_r16_c16,ab_coarse_000376,16,16,0.98505968,0.300000,-1488000.000,911000.000,-1487000.000,912000.000,-1504000.000,896000.000,-1472000.000,928000.000,EPSG:3979
ab_coarse_000377_r16_c16,ab_coarse_000377,16,16,0.99670559,0.300000,-1456000.000,911000.000,-1455000.000,912000.000,-1472000.000,896000.000,-1440000.000,928000.000,EPSG:3979
ab_coarse_000378_r16_c16,ab_coarse_000378,16,16,0.99814725,0.300000,-1424000.000,911000.000,-1423000.000,912000.000,-1440000.000,896000.000,-1408000.000,928000.000,EPSG:3979
ab_coarse_000379_r16_c16,ab_coarse_000379,16,16,0.99995005,0.300000,-1392000.000,911000.000,-1391000.000,912000.000,-1408000.000,896000.000,-1376000.000,928000.000,EPSG:3979
ab_coarse_000380_r16_c16,ab_coarse_000380,16,16,0.99803740,0.300000,-1360000.000,911000.000,-1359000.000,912000.000,-1376000.000,896000.000,-1344000.000,928000.000,EPSG:3979
ab_coarse_000381_r16_c16,ab_coarse_000381,16,16,0.99977875,0.300000,-1328000.000,911000.000,-1327000.000,912000.000,-1344000.000,896000.000,-1312000.000,928000.000,EPSG:3979
ab_coarse_000382_r16_c16,ab_coarse_000382,16,16,0.99853194,0.300000,-1296000.000,911000.000,-1295000.000,912000.000,-1312000.000,896000.000,-1280000.000,928000.000,EPSG:3979
ab_coarse_000383_r16_c16,ab_coarse_000383,16,16,0.97205418,0.300000,-1264000.000,911000.000,-1263000.000,912000.000,-1280000.000,896000.000,-1248000.000,928000.000,EPSG:3979
ab_coarse_000384_r16_c16,ab_coarse_000384,16,16,0.98236740,0.300000,-1232000.000,911000.000,-1231000.000,912000.000,-1248000.000,896000.000,-1216000.000,928000.000,EPSG:3979
ab_coarse_000385_r16_c16,ab_coarse_000385,16,16,0.99950647,0.300000,-1200000.000,911000.000,-1199000.000,912000.000,-1216000.000,896000.000,-1184000.000,928000.000,EPSG:3979
ab_coarse_000386_r16_c16,ab_coarse_000386,16,16,0.99946588,0.300000,-1168000.000,911000.000,-1167000.000,912000.000,-1184000.000,896000.000,-1152000.000,928000.000,EPSG:3979
ab_coarse_000387_r16_c16,ab_coarse_000387,16,16,0.98973817,0.300000,-1136000.000,911000.000,-1135000.000,912000.000,-1152000.000,896000.000,-1120000.000,928000.000,EPSG:3979
ab_coarse_000388_r16_c16,ab_coarse_000388,16,16,0.91884315,0.300000,-1104000.000,911000.000,-1103000.000,912000.000,-1120000.000,896000.000,-1088000.000,928000.000,EPSG:3979
ab_coarse_000389_r16_c16,ab_coarse_000389,16,16,0.98991358,0.300000,-1072000.000,911000.000,-1071000.000,912000.000,-1088000.000,896000.000,-1056000.000,928000.000,EPSG:3979
ab_coarse_000390_r16_c16,ab_coarse_000390,16,16,0.98272783,0.300000,-1040000.000,911000.000,-1039000.000,912000.000,-1056000.000,896000.000,-1024000.000,928000.000,EPSG:3979
ab_coarse_000391_r16_c16,ab_coarse_000391,16,16,0.91457969,0.300000,-1008000.000,911000.000,-1007000.000,912000.000,-1024000.000,896000.000,-992000.000,928000.000,EPSG:3979
ab_coarse_000392_r16_c16,ab_coarse_000392,16,16,0.96613216,0.300000,-976000.000,911000.000,-975000.000,912000.000,-992000.000,896000.000,-960000.000,928000.000,EPSG:3979
ab_coarse_000393_r16_c16,ab_coarse_000393,16,16,0.99837625,0.300000,-944000.000,911000.000,-943000.000,912000.000,-960000.000,896000.000,-928000.000,928000.000,EPSG:3979
ab_coarse_000394_r16_c16,ab_coarse_000394,16,16,0.99722397,0.300000,-912000.000,911000.000,-911000.000,912000.000,-928000.000,896000.000,-896000.000,928000.000,EPSG:3979
ab_coarse_000397_r16_c16,ab_coarse_000397,16,16,0.99784803,0.300000,-1520000.000,943000.000,-1519000.000,944000.000,-1536000.000,928000.000,-1504000.000,960000.000,EPSG:3979
ab_coarse_000398_r16_c16,ab_coarse_000398,16,16,0.99768400,0.300000,-1488000.000,943000.000,-1487000.000,944000.000,-1504000.000,928000.000,-1472000.000,960000.000,EPSG:3979
ab_coarse_000399_r16_c16,ab_coarse_000399,16,16,0.99935597,0.300000,-1456000.000,943000.000,-1455000.000,944000.000,-1472000.000,928000.000,-1440000.000,960000.000,EPSG:3979
ab_coarse_000400_r16_c16,ab_coarse_000400,16,16,0.99668103,0.300000,-1424000.000,943000.000,-1423000.000,944000.000,-1440000.000,928000.000,-1408000.000,960000.000,EPSG:3979
ab_coarse_000401_r16_c16,ab_coarse_000401,16,16,0.99630570,0.300000,-1392000.000,943000.000,-1391000.000,944000.000,-1408000.000,928000.000,-1376000.000,960000.000,EPSG:3979
ab_coarse_000402_r16_c14,ab_coarse_000402,16,14,0.39399657,0.300000,-1362000.000,943000.000,-1361000.000,944000.000,-1376000.000,928000.000,-1344000.000,960000.000,EPSG:3979
ab_coarse_000402_r16_c16,ab_coarse_000402,16,16,0.99895644,0.300000,-1360000.000,943000.000,-1359000.000,944000.000,-1376000.000,928000.000,-1344000.000,960000.000,EPSG:3979
ab_coarse_000403_r16_c16,ab_coarse_000403,16,16,0.99862891,0.300000,-1328000.000,943000.000,-1327000.000,944000.000,-1344000.000,928000.000,-1312000.000,960000.000,EPSG:3979
ab_coarse_000404_r16_c16,ab_coarse_000404,16,16,0.99583930,0.300000,-1296000.000,943000.000,-1295000.000,944000.000,-1312000.000,928000.000,-1280000.000,960000.000,EPSG:3979
ab_coarse_000405_r16_c16,ab_coarse_000405,16,16,0.99985743,0.300000,-1264000.000,943000.000,-1263000.000,944000.000,-1280000.000,928000.000,-1248000.000,960000.000,EPSG:3979
ab_coarse_000406_r16_c16,ab_coarse_000406,16,16,0.99926633,0.300000,-1232000.000,943000.000,-1231000.000,944000.000,-1248000.000,928000.000,-1216000.000,960000.000,EPSG:3979
ab_coarse_000407_r16_c16,ab_coarse_000407,16,16,0.99883622,0.300000,-1200000.000,943000.000,-1199000.000,944000.000,-1216000.000,928000.000,-1184000.000,960000.000,EPSG:3979
ab_coarse_000408_r16_c16,ab_coarse_000408,16,16,0.97723389,0.300000,-1168000.000,943000.000,-1167000.000,944000.000,-1184000.000,928000.000,-1152000.000,960000.000,EPSG:3979
ab_coarse_000409_r16_c16,ab_coarse_000409,16,16,0.97995752,0.300000,-1136000.000,943000.000,-1135000.000,944000.000,-1152000.000,928000.000,-1120000.000,960000.000,EPSG:3979
ab_coarse_000410_r16_c16,ab_coarse_000410,16,16,0.99317271,0.300000,-1104000.000,943000.000,-1103000.000,944000.000,-1120000.000,928000.000,-1088000.000,960000.000,EPSG:3979
ab_coarse_000411_r16_c16,ab_coarse_000411,16,16,0.99274397,0.300000,-1072000.000,943000.000,-1071000.000,944000.000,-1088000.000,928000.000,-1056000.000,960000.000,EPSG:3979
ab_coarse_000412_r16_c16,ab_coarse_000412,16,16,0.99848425,0.300000,-1040000.000,943000.000,-1039000.000,944000.000,-1056000.000,928000.000,-1024000.000,960000.000,EPSG:3979
ab_coarse_000413_r16_c16,ab_coarse_000413,16,16,0.99903327,0.300000,-1008000.000,943000.000,-1007000.000,944000.000,-1024000.000,928000.000,-992000.000,960000.000,EPSG:3979
ab_coarse_000414_r16_c16,ab_coarse_000414,16,16,0.99837995,0.300000,-976000.000,943000.000,-975000.000,944000.000,-992000.000,928000.000,-960000.000,960000.000,EPSG:3979
ab_coarse_000415_r16_c16,ab_coarse_000415,16,16,0.99973434,0.300000,-944000.000,943000.000,-943000.000,944000.000,-960000.000,928000.000,-928000.000,960000.000,EPSG:3979
ab_coarse_000416_r16_c16,ab_coarse_000416,16,16,0.99930131,0.300000,-912000.000,943000.000,-911000.000,944000.000,-928000.000,928000.000,-896000.000,960000.000,EPSG:3979
ab_coarse_000418_r16_c16,ab_coarse_000418,16,16,0.99321014,0.300000,-1520000.000,975000.000,-1519000.000,976000.000,-1536000.000,960000.000,-1504000.000,992000.000,EPSG:3979
ab_coarse_000419_r24_c16,ab_coarse_000419,24,16,0.63325709,0.300000,-1488000.000,967000.000,-1487000.000,968000.000,-1504000.000,960000.000,-1472000.000,992000.000,EPSG:3979
ab_coarse_000420_r16_c16,ab_coarse_000420,16,16,0.97863549,0.300000,-1456000.000,975000.000,-1455000.000,976000.000,-1472000.000,960000.000,-1440000.000,992000.000,EPSG:3979
ab_coarse_000421_r16_c16,ab_coarse_000421,16,16,0.99434763,0.300000,-1424000.000,975000.000,-1423000.000,976000.000,-1440000.000,960000.000,-1408000.000,992000.000,EPSG:3979
ab_coarse_000422_r16_c16,ab_coarse_000422,16,16,0.99796957,0.300000,-1392000.000,975000.000,-1391000.000,976000.000,-1408000.000,960000.000,-1376000.000,992000.000,EPSG:3979
ab_coarse_000423_r16_c16,ab_coarse_000423,16,16,0.99987841,0.300000,-1360000.000,975000.000,-1359000.000,976000.000,-1376000.000,960000.000,-1344000.000,992000.000,EPSG:3979
ab_coarse_000424_r16_c16,ab_coarse_000424,16,16,0.99510241,0.300000,-1328000.000,975000.000,-1327000.000,976000.000,-1344000.000,960000.000,-1312000.000,992000.000,EPSG:3979
ab_coarse_000425_r16_c16,ab_coarse_000425,16,16,0.99981272,0.300000,-1296000.000,975000.000,-1295000.000,976000.000,-1312000.000,960000.000,-1280000.000,992000.000,EPSG:3979
ab_coarse_000426_r16_c16,ab_coarse_000426,16,16,0.98275721,0.300000,-1264000.000,975000.000,-1263000.000,976000.000,-1280000.000,960000.000,-1248000.000,992000.000,EPSG:3979
ab_coarse_000427_r16_c16,ab_coarse_000427,16,16,0.99920630,0.300000,-1232000.000,975000.000,-1231000.000,976000.000,-1248000.000,960000.000,-1216000.000,992000.000,EPSG:3979
ab_coarse_000428_r16_c16,ab_coarse_000428,16,16,0.99995983,0.300000,-1200000.000,975000.000,-1199000.000,976000.000,-1216000.000,960000.000,-1184000.000,992000.000,EPSG:3979
ab_coarse_000429_r16_c16,ab_coarse_000429,16,16,0.98646671,0.300000,-1168000.000,975000.000,-1167000.000,976000.000,-1184000.000,960000.000,-1152000.000,992000.000,EPSG:3979
ab_coarse_000430_r16_c16,ab_coarse_000430,16,16,0.99765188,0.300000,-1136000.000,975000.000,-1135000.000,976000.000,-1152000.000,960000.000,-1120000.000,992000.000,EPSG:3979
ab_coarse_000431_r16_c16,ab_coarse_000431,16,16,0.99861193,0.300000,-1104000.000,975000.000,-1103000.000,976000.000,-1120000.000,960000.000,-1088000.000,992000.000,EPSG:3979
ab_coarse_000432_r16_c16,ab_coarse_000432,16,16,0.99959564,0.300000,-1072000.000,975000.000,-1071000.000,976000.000,-1088000.000,960000.000,-1056000.000,992000.000,EPSG:3979
ab_coarse_000433_r16_c16,ab_coarse_000433,16,16,0.99921298,0.300000,-1040000.000,975000.000,-1039000.000,976000.000,-1056000.000,960000.000,-1024000.000,992000.000,EPSG:3979
ab_coarse_000434_r16_c16,ab_coarse_000434,16,16,0.99986172,0.300000,-1008000.000,975000.000,-1007000.000,976000.000,-1024000.000,960000.000,-992000.000,992000.000,EPSG:3979
ab_coarse_000435_r16_c16,ab_coarse_000435,16,16,0.99998546,0.300000,-976000.000,975000.000,-975000.000,976000.000,-992000.000,960000.000,-960000.000,992000.000,EPSG:3979
ab_coarse_000436_r16_c16,ab_coarse_000436,16,16,0.99985206,0.300000,-944000.000,975000.000,-943000.000,976000.000,-960000.000,960000.000,-928000.000,992000.000,EPSG:3979
ab_coarse_000437_r16_c16,ab_coarse_000437,16,16,0.99961197,0.300000,-912000.000,975000.000,-911000.000,976000.000,-928000.000,960000.000,-896000.000,992000.000,EPSG:3979
ab_coarse_000438_r16_c08,ab_coarse_000438,16,8,0.83464760,0.300000,-888000.000,975000.000,-887000.000,976000.000,-896000.000,960000.000,-864000.000,992000.000,EPSG:3979
ab_coarse_000438_r16_c09,ab_coarse_000438,16,9,0.30014369,0.300000,-887000.000,975000.000,-886000.000,976000.000,-896000.000,960000.000,-864000.000,992000.000,EPSG:3979
ab_coarse_000438_r16_c10,ab_coarse_000438,16,10,0.31499842,0.300000,-886000.000,975000.000,-885000.000,976000.000,-896000.000,960000.000,-864000.000,992000.000,EPSG:3979
ab_coarse_000440_r15_c16,ab_coarse_000440,15,16,0.37018976,0.300000,-1488000.000,1008000.000,-1487000.000,1009000.000,-1504000.000,992000.000,-1472000.000,1024000.000,EPSG:3979
ab_coarse_000440_r16_c16,ab_coarse_000440,16,16,0.99849594,0.300000,-1488000.000,1007000.000,-1487000.000,1008000.000,-1504000.000,992000.000,-1472000.000,1024000.000,EPSG:3979
ab_coarse_000441_r16_c16,ab_coarse_000441,16,16,0.99839479,0.300000,-1456000.000,1007000.000,-1455000.000,1008000.000,-1472000.000,992000.000,-1440000.000,1024000.000,EPSG:3979
ab_coarse_000442_r16_c16,ab_coarse_000442,16,16,0.92846221,0.300000,-1424000.000,1007000.000,-1423000.000,1008000.000,-1440000.000,992000.000,-1408000.000,1024000.000,EPSG:3979
ab_coarse_000442_r17_c16,ab_coarse_000442,17,16,0.37527397,0.300000,-1424000.000,1006000.000,-1423000.000,1007000.000,-1440000.000,992000.000,-1408000.000,1024000.000,EPSG:3979
ab_coarse_000443_r16_c16,ab_coarse_000443,16,16,0.99083817,0.300000,-1392000.000,1007000.000,-1391000.000,1008000.000,-1408000.000,992000.000,-1376000.000,1024000.000,EPSG:3979
ab_coarse_000444_r16_c14,ab_coarse_000444,16,14,0.78511912,0.300000,-1362000.000,1007000.000,-1361000.000,1008000.000,-1376000.000,992000.000,-1344000.000,1024000.000,EPSG:3979
ab_coarse_000444_r16_c16,ab_coarse_000444,16,16,0.99261546,0.300000,-1360000.000,1007000.000,-1359000.000,1008000.000,-1376000.000,992000.000,-1344000.000,1024000.000,EPSG:3979
ab_coarse_000445_r16_c16,ab_coarse_000445,16,16,0.99855596,0.300000,-1328000.000,1007000.000,-1327000.000,1008000.000,-1344000.000,992000.000,-1312000.000,1024000.000,EPSG:3979
ab_coarse_000446_r16_c16,ab_coarse_000446,16,16,0.99913204,0.300000,-1296000.000,1007000.000,-1295000.000,1008000.000,-1312000.000,992000.000,-1280000.000,1024000.000,EPSG:3979
ab_coarse_000447_r16_c16,ab_coarse_000447,16,16,0.99918836,0.300000,-1264000.000,1007000.000,-1263000.000,1008000.000,-1280000.000,992000.000,-1248000.000,1024000.000,EPSG:3979
ab_coarse_000448_r16_c16,ab_coarse_000448,16,16,0.99950218,0.300000,-1232000.000,1007000.000,-1231000.000,1008000.000,-1248000.000,992000.000,-1216000.000,1024000.000,EPSG:3979
ab_coarse_000449_r16_c16,ab_coarse_000449,16,16,0.98987633,0.300000,-1200000.000,1007000.000,-1199000.000,1008000.000,-1216000.000,992000.000,-1184000.000,1024000.000,EPSG:3979
ab_coarse_000450_r16_c16,ab_coarse_000450,16,16,0.99515033,0.300000,-1168000.000,1007000.000,-1167000.000,1008000.000,-1184000.000,992000.000,-1152000.000,1024000.000,EPSG:3979
ab_coarse_000451_r16_c16,ab_coarse_000451,16,16,0.97873974,0.300000,-1136000.000,1007000.000,-1135000.000,1008000.000,-1152000.000,992000.000,-1120000.000,1024000.000,EPSG:3979
ab_coarse_000452_r16_c16,ab_coarse_000452,16,16,0.99948180,0.300000,-1104000.000,1007000.000,-1103000.000,1008000.000,-1120000.000,992000.000,-1088000.000,1024000.000,EPSG:3979
ab_coarse_000453_r16_c16,ab_coarse_000453,16,16,0.99942857,0.300000,-1072000.000,1007000.000,-1071000.000,1008000.000,-1088000.000,992000.000,-1056000.000,1024000.000,EPSG:3979
ab_coarse_000454_r16_c16,ab_coarse_000454,16,16,0.99972981,0.300000,-1040000.000,1007000.000,-1039000.000,1008000.000,-1056000.000,992000.000,-1024000.000,1024000.000,EPSG:3979
ab_coarse_000455_r16_c16,ab_coarse_000455,16,16,0.99986255,0.300000,-1008000.000,1007000.000,-1007000.000,1008000.000,-1024000.000,992000.000,-992000.000,1024000.000,EPSG:3979
ab_coarse_000456_r16_c16,ab_coarse_000456,16,16,0.99827135,0.300000,-976000.000,1007000.000,-975000.000,1008000.000,-992000.000,992000.000,-960000.000,1024000.000,EPSG:3979
ab_coarse_000457_r16_c16,ab_coarse_000457,16,16,0.99994755,0.300000,-944000.000,1007000.000,-943000.000,1008000.000,-960000.000,992000.000,-928000.000,1024000.000,EPSG:3979
ab_coarse_000458_r16_c16,ab_coarse_000458,16,16,0.99987304,0.300000,-912000.000,1007000.000,-911000.000,1008000.000,-928000.000,992000.000,-896000.000,1024000.000,EPSG:3979
ab_coarse_000459_r16_c16,ab_coarse_000459,16,16,0.99835771,0.300000,-880000.000,1007000.000,-879000.000,1008000.000,-896000.000,992000.000,-864000.000,1024000.000,EPSG:3979
ab_coarse_000461_r16_c16,ab_coarse_000461,16,16,0.99954242,0.300000,-1488000.000,1039000.000,-1487000.000,1040000.000,-1504000.000,1024000.000,-1472000.000,1056000.000,EPSG:3979
ab_coarse_000462_r16_c16,ab_coarse_000462,16,16,0.99981618,0.300000,-1456000.000,1039000.000,-1455000.000,1040000.000,-1472000.000,1024000.000,-1440000.000,1056000.000,EPSG:3979
ab_coarse_000463_r16_c16,ab_coarse_000463,16,16,0.98321229,0.300000,-1424000.000,1039000.000,-1423000.000,1040000.000,-1440000.000,1024000.000,-1408000.000,1056000.000,EPSG:3979
ab_coarse_000464_r16_c16,ab_coarse_000464,16,16,0.98822391,0.300000,-1392000.000,1039000.000,-1391000.000,1040000.000,-1408000.000,1024000.000,-1376000.000,1056000.000,EPSG:3979
ab_coarse_000465_r16_c16,ab_coarse_000465,16,16,0.99386400,0.300000,-1360000.000,1039000.000,-1359000.000,1040000.000,-1376000.000,1024000.000,-1344000.000,1056000.000,EPSG:3979
ab_coarse_000466_r16_c16,ab_coarse_000466,16,16,0.99924380,0.300000,-1328000.000,1039000.000,-1327000.000,1040000.000,-1344000.000,1024000.000,-1312000.000,1056000.000,EPSG:3979
ab_coarse_000467_r16_c16,ab_coarse_000467,16,16,0.99667537,0.300000,-1296000.000,1039000.000,-1295000.000,1040000.000,-1312000.000,1024000.000,-1280000.000,1056000.000,EPSG:3979
ab_coarse_000468_r16_c16,ab_coarse_000468,16,16,0.99554163,0.300000,-1264000.000,1039000.000,-1263000.000,1040000.000,-1280000.000,1024000.000,-1248000.000,1056000.000,EPSG:3979
ab_coarse_000469_r16_c16,ab_coarse_000469,16,16,0.99025494,0.300000,-1232000.000,1039000.000,-1231000.000,1040000.000,-1248000.000,1024000.000,-1216000.000,1056000.000,EPSG:3979
ab_coarse_000470_r16_c16,ab_coarse_000470,16,16,0.99960065,0.300000,-1200000.000,1039000.000,-1199000.000,1040000.000,-1216000.000,1024000.000,-1184000.000,1056000.000,EPSG:3979
ab_coarse_000471_r16_c16,ab_coarse_000471,16,16,0.99456525,0.300000,-1168000.000,1039000.000,-1167000.000,1040000.000,-1184000.000,1024000.000,-1152000.000,1056000.000,EPSG:3979
ab_coarse_000472_r16_c16,ab_coarse_000472,16,16,0.99603820,0.300000,-1136000.000,1039000.000,-1135000.000,1040000.000,-1152000.000,1024000.000,-1120000.000,1056000.000,EPSG:3979
ab_coarse_000473_r16_c16,ab_coarse_000473,16,16,0.99972075,0.300000,-1104000.000,1039000.000,-1103000.000,1040000.000,-1120000.000,1024000.000,-1088000.000,1056000.000,EPSG:3979
ab_coarse_000474_r16_c16,ab_coarse_000474,16,16,0.99898249,0.300000,-1072000.000,1039000.000,-1071000.000,1040000.000,-1088000.000,1024000.000,-1056000.000,1056000.000,EPSG:3979
ab_coarse_000475_r16_c16,ab_coarse_000475,16,16,0.99972576,0.300000,-1040000.000,1039000.000,-1039000.000,1040000.000,-1056000.000,1024000.000,-1024000.000,1056000.000,EPSG:3979
ab_coarse_000476_r16_c16,ab_coarse_000476,16,16,0.99994385,0.300000,-1008000.000,1039000.000,-1007000.000,1040000.000,-1024000.000,1024000.000,-992000.000,1056000.000,EPSG:3979
ab_coarse_000477_r16_c16,ab_coarse_000477,16,16,0.99994147,0.300000,-976000.000,1039000.000,-975000.000,1040000.000,-992000.000,1024000.000,-960000.000,1056000.000,EPSG:3979
ab_coarse_000478_r16_c16,ab_coarse_000478,16,16,0.99975973,0.300000,-944000.000,1039000.000,-943000.000,1040000.000,-960000.000,1024000.000,-928000.000,1056000.000,EPSG:3979
ab_coarse_000479_r16_c16,ab_coarse_000479,16,16,0.99996316,0.300000,-912000.000,1039000.000,-911000.000,1040000.000,-928000.000,1024000.000,-896000.000,1056000.000,EPSG:3979
ab_coarse_000480_r16_c16,ab_coarse_000480,16,16,0.99965560,0.300000,-880000.000,1039000.000,-879000.000,1040000.000,-896000.000,1024000.000,-864000.000,1056000.000,EPSG:3979
ab_coarse_000482_r16_c16,ab_coarse_000482,16,16,0.99787772,0.300000,-1456000.000,1071000.000,-1455000.000,1072000.000,-1472000.000,1056000.000,-1440000.000,1088000.000,EPSG:3979
ab_coarse_000483_r16_c16,ab_coarse_000483,16,16,0.99997616,0.300000,-1424000.000,1071000.000,-1423000.000,1072000.000,-1440000.000,1056000.000,-1408000.000,1088000.000,EPSG:3979
ab_coarse_000484_r16_c16,ab_coarse_000484,16,16,0.99990916,0.300000,-1392000.000,1071000.000,-1391000.000,1072000.000,-1408000.000,1056000.000,-1376000.000,1088000.000,EPSG:3979
ab_coarse_000485_r16_c16,ab_coarse_000485,16,16,0.99999750,0.300000,-1360000.000,1071000.000,-1359000.000,1072000.000,-1376000.000,1056000.000,-1344000.000,1088000.000,EPSG:3979
ab_coarse_000486_r16_c16,ab_coarse_000486,16,16,0.99969190,0.300000,-1328000.000,1071000.000,-1327000.000,1072000.000,-1344000.000,1056000.000,-1312000.000,1088000.000,EPSG:3979
ab_coarse_000487_r16_c16,ab_coarse_000487,16,16,0.99899906,0.300000,-1296000.000,1071000.000,-1295000.000,1072000.000,-1312000.000,1056000.000,-1280000.000,1088000.000,EPSG:3979
ab_coarse_000488_r16_c16,ab_coarse_000488,16,16,0.99913478,0.300000,-1264000.000,1071000.000,-1263000.000,1072000.000,-1280000.000,1056000.000,-1248000.000,1088000.000,EPSG:3979
ab_coarse_000489_r16_c16,ab_coarse_000489,16,16,0.99064404,0.300000,-1232000.000,1071000.000,-1231000.000,1072000.000,-1248000.000,1056000.000,-1216000.000,1088000.000,EPSG:3979
ab_coarse_000490_r16_c16,ab_coarse_000490,16,16,0.99838340,0.300000,-1200000.000,1071000.000,-1199000.000,1072000.000,-1216000.000,1056000.000,-1184000.000,1088000.000,EPSG:3979
ab_coarse_000491_r16_c16,ab_coarse_000491,16,16,0.99990058,0.300000,-1168000.000,1071000.000,-1167000.000,1072000.000,-1184000.000,1056000.000,-1152000.000,1088000.000,EPSG:3979
ab_coarse_000492_r16_c16,ab_coarse_000492,16,16,0.99972218,0.300000,-1136000.000,1071000.000,-1135000.000,1072000.000,-1152000.000,1056000.000,-1120000.000,1088000.000,EPSG:3979
ab_coarse_000493_r16_c16,ab_coarse_000493,16,16,0.99600935,0.300000,-1104000.000,1071000.000,-1103000.000,1072000.000,-1120000.000,1056000.000,-1088000.000,1088000.000,EPSG:3979
ab_coarse_000494_r16_c16,ab_coarse_000494,16,16,0.99864107,0.300000,-1072000.000,1071000.000,-1071000.000,1072000.000,-1088000.000,1056000.000,-1056000.000,1088000.000,EPSG:3979
ab_coarse_000495_r16_c16,ab_coarse_000495,16,16,0.97829181,0.300000,-1040000.000,1071000.000,-1039000.000,1072000.000,-1056000.000,1056000.000,-1024000.000,1088000.000,EPSG:3979
ab_coarse_000496_r16_c16,ab_coarse_000496,16,16,0.99224913,0.300000,-1008000.000,1071000.000,-1007000.000,1072000.000,-1024000.000,1056000.000,-992000.000,1088000.000,EPSG:3979
ab_coarse_000497_r16_c16,ab_coarse_000497,16,16,0.99630451,0.300000,-976000.000,1071000.000,-975000.000,1072000.000,-992000.000,1056000.000,-960000.000,1088000.000,EPSG:3979
ab_coarse_000498_r16_c16,ab_coarse_000498,16,16,0.99958628,0.300000,-944000.000,1071000.000,-943000.000,1072000.000,-960000.000,1056000.000,-928000.000,1088000.000,EPSG:3979
ab_coarse_000499_r16_c16,ab_coarse_000499,16,16,0.99996114,0.300000,-912000.000,1071000.000,-911000.000,1072000.000,-928000.000,1056000.000,-896000.000,1088000.000,EPSG:3979
ab_coarse_000500_r16_c16,ab_coarse_000500,16,16,0.99970907,0.300000,-880000.000,1071000.000,-879000.000,1072000.000,-896000.000,1056000.000,-864000.000,1088000.000,EPSG:3979
ab_coarse_000503_r16_c16,ab_coarse_000503,16,16,0.99994063,0.300000,-1456000.000,1103000.000,-1455000.000,1104000.000,-1472000.000,1088000.000,-1440000.000,1120000.000,EPSG:3979
ab_coarse_000504_r16_c16,ab_coarse_000504,16,16,0.99990928,0.300000,-1424000.000,1103000.000,-1423000.000,1104000.000,-1440000.000,1088000.000,-1408000.000,1120000.000,EPSG:3979
ab_coarse_000505_r16_c16,ab_coarse_000505,16,16,0.99999273,0.300000,-1392000.000,1103000.000,-1391000.000,1104000.000,-1408000.000,1088000.000,-1376000.000,1120000.000,EPSG:3979
ab_coarse_000506_r16_c16,ab_coarse_000506,16,16,0.99939048,0.300000,-1360000.000,1103000.000,-1359000.000,1104000.000,-1376000.000,1088000.000,-1344000.000,1120000.000,EPSG:3979
ab_coarse_000507_r16_c16,ab_coarse_000507,16,16,0.99978459,0.300000,-1328000.000,1103000.000,-1327000.000,1104000.000,-1344000.000,1088000.000,-1312000.000,1120000.000,EPSG:3979
ab_coarse_000508_r16_c16,ab_coarse_000508,16,16,0.99978995,0.300000,-1296000.000,1103000.000,-1295000.000,1104000.000,-1312000.000,1088000.000,-1280000.000,1120000.000,EPSG:3979
ab_coarse_000509_r16_c16,ab_coarse_000509,16,16,0.99972659,0.300000,-1264000.000,1103000.000,-1263000.000,1104000.000,-1280000.000,1088000.000,-1248000.000,1120000.000,EPSG:3979
ab_coarse_000510_r16_c16,ab_coarse_000510,16,16,0.99883848,0.300000,-1232000.000,1103000.000,-1231000.000,1104000.000,-1248000.000,1088000.000,-1216000.000,1120000.000,EPSG:3979
ab_coarse_000511_r16_c16,ab_coarse_000511,16,16,0.99906403,0.300000,-1200000.000,1103000.000,-1199000.000,1104000.000,-1216000.000,1088000.000,-1184000.000,1120000.000,EPSG:3979
ab_coarse_000512_r16_c16,ab_coarse_000512,16,16,0.99996948,0.300000,-1168000.000,1103000.000,-1167000.000,1104000.000,-1184000.000,1088000.000,-1152000.000,1120000.000,EPSG:3979
ab_coarse_000513_r16_c16,ab_coarse_000513,16,16,0.99933857,0.300000,-1136000.000,1103000.000,-1135000.000,1104000.000,-1152000.000,1088000.000,-1120000.000,1120000.000,EPSG:3979
ab_coarse_000514_r16_c16,ab_coarse_000514,16,16,0.99985361,0.300000,-1104000.000,1103000.000,-1103000.000,1104000.000,-1120000.000,1088000.000,-1088000.000,1120000.000,EPSG:3979
ab_coarse_000515_r16_c16,ab_coarse_000515,16,16,0.98862517,0.300000,-1072000.000,1103000.000,-1071000.000,1104000.000,-1088000.000,1088000.000,-1056000.000,1120000.000,EPSG:3979
ab_coarse_000516_r16_c16,ab_coarse_000516,16,16,0.98985499,0.300000,-1040000.000,1103000.000,-1039000.000,1104000.000,-1056000.000,1088000.000,-1024000.000,1120000.000,EPSG:3979
ab_coarse_000517_r16_c16,ab_coarse_000517,16,16,0.99283749,0.300000,-1008000.000,1103000.000,-1007000.000,1104000.000,-1024000.000,1088000.000,-992000.000,1120000.000,EPSG:3979
ab_coarse_000518_r16_c16,ab_coarse_000518,16,16,0.98453403,0.300000,-976000.000,1103000.000,-975000.000,1104000.000,-992000.000,1088000.000,-960000.000,1120000.000,EPSG:3979
ab_coarse_000519_r16_c16,ab_coarse_000519,16,16,0.99992871,0.300000,-944000.000,1103000.000,-943000.000,1104000.000,-960000.000,1088000.000,-928000.000,1120000.000,EPSG:3979
ab_coarse_000520_r16_c13,ab_coarse_000520,16,13,0.37023687,0.300000,-915000.000,1103000.000,-914000.000,1104000.000,-928000.000,1088000.000,-896000.000,1120000.000,EPSG:3979
ab_coarse_000520_r16_c14,ab_coarse_000520,16,14,0.53865319,0.300000,-914000.000,1103000.000,-913000.000,1104000.000,-928000.000,1088000.000,-896000.000,1120000.000,EPSG:3979
ab_coarse_000520_r16_c16,ab_coarse_000520,16,16,0.99736834,0.300000,-912000.000,1103000.000,-911000.000,1104000.000,-928000.000,1088000.000,-896000.000,1120000.000,EPSG:3979
ab_coarse_000521_r16_c16,ab_coarse_000521,16,16,0.99933618,0.300000,-880000.000,1103000.000,-879000.000,1104000.000,-896000.000,1088000.000,-864000.000,1120000.000,EPSG:3979
ab_coarse_000523_r16_c16,ab_coarse_000523,16,16,0.99765211,0.300000,-1456000.000,1135000.000,-1455000.000,1136000.000,-1472000.000,1120000.000,-1440000.000,1152000.000,EPSG:3979
ab_coarse_000524_r16_c16,ab_coarse_000524,16,16,0.99941808,0.300000,-1424000.000,1135000.000,-1423000.000,1136000.000,-1440000.000,1120000.000,-1408000.000,1152000.000,EPSG:3979
ab_coarse_000525_r16_c16,ab_coarse_000525,16,16,0.99994791,0.300000,-1392000.000,1135000.000,-1391000.000,1136000.000,-1408000.000,1120000.000,-1376000.000,1152000.000,EPSG:3979
ab_coarse_000526_r16_c16,ab_coarse_000526,16,16,0.99776387,0.300000,-1360000.000,1135000.000,-1359000.000,1136000.000,-1376000.000,1120000.000,-1344000.000,1152000.000,EPSG:3979
ab_coarse_000527_r16_c16,ab_coarse_000527,16,16,0.99626559,0.300000,-1328000.000,1135000.000,-1327000.000,1136000.000,-1344000.000,1120000.000,-1312000.000,1152000.000,EPSG:3979
ab_coarse_000528_r16_c16,ab_coarse_000528,16,16,0.99920255,0.300000,-1296000.000,1135000.000,-1295000.000,1136000.000,-1312000.000,1120000.000,-1280000.000,1152000.000,EPSG:3979
ab_coarse_000529_r16_c16,ab_coarse_000529,16,16,0.99994528,0.300000,-1264000.000,1135000.000,-1263000.000,1136000.000,-1280000.000,1120000.000,-1248000.000,1152000.000,EPSG:3979
ab_coarse_000530_r16_c16,ab_coarse_000530,16,16,0.99987972,0.300000,-1232000.000,1135000.000,-1231000.000,1136000.000,-1248000.000,1120000.000,-1216000.000,1152000.000,EPSG:3979
ab_coarse_000531_r16_c16,ab_coarse_000531,16,16,0.99878782,0.300000,-1200000.000,1135000.000,-1199000.000,1136000.000,-1216000.000,1120000.000,-1184000.000,1152000.000,EPSG:3979
ab_coarse_000532_r16_c16,ab_coarse_000532,16,16,0.99997187,0.300000,-1168000.000,1135000.000,-1167000.000,1136000.000,-1184000.000,1120000.000,-1152000.000,1152000.000,EPSG:3979
ab_coarse_000533_r16_c16,ab_coarse_000533,16,16,0.99997687,0.300000,-1136000.000,1135000.000,-1135000.000,1136000.000,-1152000.000,1120000.000,-1120000.000,1152000.000,EPSG:3979
ab_coarse_000534_r16_c16,ab_coarse_000534,16,16,0.99994493,0.300000,-1104000.000,1135000.000,-1103000.000,1136000.000,-1120000.000,1120000.000,-1088000.000,1152000.000,EPSG:3979
ab_coarse_000535_r16_c16,ab_coarse_000535,16,16,0.99738163,0.300000,-1072000.000,1135000.000,-1071000.000,1136000.000,-1088000.000,1120000.000,-1056000.000,1152000.000,EPSG:3979
ab_coarse_000536_r16_c16,ab_coarse_000536,16,16,0.95604932,0.300000,-1040000.000,1135000.000,-1039000.000,1136000.000,-1056000.000,1120000.000,-1024000.000,1152000.000,EPSG:3979
ab_coarse_000537_r16_c16,ab_coarse_000537,16,16,0.66927266,0.300000,-1008000.000,1135000.000,-1007000.000,1136000.000,-1024000.000,1120000.000,-992000.000,1152000.000,EPSG:3979
ab_coarse_000538_r16_c16,ab_coarse_000538,16,16,0.99637252,0.300000,-976000.000,1135000.000,-975000.000,1136000.000,-992000.000,1120000.000,-960000.000,1152000.000,EPSG:3979
ab_coarse_000539_r16_c16,ab_coarse_000539,16,16,0.99980533,0.300000,-944000.000,1135000.000,-943000.000,1136000.000,-960000.000,1120000.000,-928000.000,1152000.000,EPSG:3979
ab_coarse_000540_r16_c16,ab_coarse_000540,16,16,0.99589229,0.300000,-912000.000,1135000.000,-911000.000,1136000.000,-928000.000,1120000.000,-896000.000,1152000.000,EPSG:3979
ab_coarse_000541_r16_c16,ab_coarse_000541,16,16,0.99956316,0.300000,-880000.000,1135000.000,-879000.000,1136000.000,-896000.000,1120000.000,-864000.000,1152000.000,EPSG:3979
ab_coarse_000542_r16_c16,ab_coarse_000542,16,16,0.99408674,0.300000,-848000.000,1135000.000,-847000.000,1136000.000,-864000.000,1120000.000,-832000.000,1152000.000,EPSG:3979
ab_coarse_000544_r16_c16,ab_coarse_000544,16,16,0.99950647,0.300000,-1424000.000,1167000.000,-1423000.000,1168000.000,-1440000.000,1152000.000,-1408000.000,1184000.000,EPSG:3979
ab_coarse_000545_r16_c16,ab_coarse_000545,16,16,0.85361838,0.300000,-1392000.000,1167000.000,-1391000.000,1168000.000,-1408000.000,1152000.000,-1376000.000,1184000.000,EPSG:3979
ab_coarse_000546_r16_c16,ab_coarse_000546,16,16,0.99197465,0.300000,-1360000.000,1167000.000,-1359000.000,1168000.000,-1376000.000,1152000.000,-1344000.000,1184000.000,EPSG:3979
ab_coarse_000547_r16_c16,ab_coarse_000547,16,16,0.99970251,0.300000,-1328000.000,1167000.000,-1327000.000,1168000.000,-1344000.000,1152000.000,-1312000.000,1184000.000,EPSG:3979
ab_coarse_000548_r16_c16,ab_coarse_000548,16,16,0.99934632,0.300000,-1296000.000,1167000.000,-1295000.000,1168000.000,-1312000.000,1152000.000,-1280000.000,1184000.000,EPSG:3979
ab_coarse_000549_r16_c16,ab_coarse_000549,16,16,0.99985731,0.300000,-1264000.000,1167000.000,-1263000.000,1168000.000,-1280000.000,1152000.000,-1248000.000,1184000.000,EPSG:3979
ab_coarse_000550_r16_c16,ab_coarse_000550,16,16,0.99995482,0.300000,-1232000.000,1167000.000,-1231000.000,1168000.000,-1248000.000,1152000.000,-1216000.000,1184000.000,EPSG:3979
ab_coarse_000551_r16_c16,ab_coarse_000551,16,16,0.99678421,0.300000,-1200000.000,1167000.000,-1199000.000,1168000.000,-1216000.000,1152000.000,-1184000.000,1184000.000,EPSG:3979
ab_coarse_000552_r16_c16,ab_coarse_000552,16,16,0.99998677,0.300000,-1168000.000,1167000.000,-1167000.000,1168000.000,-1184000.000,1152000.000,-1152000.000,1184000.000,EPSG:3979
ab_coarse_000553_r16_c16,ab_coarse_000553,16,16,0.99999774,0.300000,-1136000.000,1167000.000,-1135000.000,1168000.000,-1152000.000,1152000.000,-1120000.000,1184000.000,EPSG:3979
ab_coarse_000554_r16_c16,ab_coarse_000554,16,16,0.99998009,0.300000,-1104000.000,1167000.000,-1103000.000,1168000.000,-1120000.000,1152000.000,-1088000.000,1184000.000,EPSG:3979
ab_coarse_000555_r16_c16,ab_coarse_000555,16,16,0.99998689,0.300000,-1072000.000,1167000.000,-1071000.000,1168000.000,-1088000.000,1152000.000,-1056000.000,1184000.000,EPSG:3979
ab_coarse_000556_r16_c16,ab_coarse_000556,16,16,0.99997282,0.300000,-1040000.000,1167000.000,-1039000.000,1168000.000,-1056000.000,1152000.000,-1024000.000,1184000.000,EPSG:3979
ab_coarse_000557_r16_c16,ab_coarse_000557,16,16,0.99979162,0.300000,-1008000.000,1167000.000,-1007000.000,1168000.000,-1024000.000,1152000.000,-992000.000,1184000.000,EPSG:3979
ab_coarse_000558_r16_c16,ab_coarse_000558,16,16,0.99924558,0.300000,-976000.000,1167000.000,-975000.000,1168000.000,-992000.000,1152000.000,-960000.000,1184000.000,EPSG:3979
ab_coarse_000559_r16_c16,ab_coarse_000559,16,16,0.99903023,0.300000,-944000.000,1167000.000,-943000.000,1168000.000,-960000.000,1152000.000,-928000.000,1184000.000,EPSG:3979
ab_coarse_000560_r16_c16,ab_coarse_000560,16,16,0.99611437,0.300000,-912000.000,1167000.000,-911000.000,1168000.000,-928000.000,1152000.000,-896000.000,1184000.000,EPSG:3979
ab_coarse_000561_r16_c16,ab_coarse_000561,16,16,0.93838769,0.300000,-880000.000,1167000.000,-879000.000,1168000.000,-896000.000,1152000.000,-864000.000,1184000.000,EPSG:3979
ab_coarse_000562_r16_c16,ab_coarse_000562,16,16,0.99995172,0.300000,-848000.000,1167000.000,-847000.000,1168000.000,-864000.000,1152000.000,-832000.000,1184000.000,EPSG:3979
ab_coarse_000563_r16_c16,ab_coarse_000563,16,16,0.99236232,0.300000,-1424000.000,1199000.000,-1423000.000,1200000.000,-1440000.000,1184000.000,-1408000.000,1216000.000,EPSG:3979
ab_coarse_000564_r16_c16,ab_coarse_000564,16,16,0.99384433,0.300000,-1392000.000,1199000.000,-1391000.000,1200000.000,-1408000.000,1184000.000,-1376000.000,1216000.000,EPSG:3979
ab_coarse_000565_r16_c16,ab_coarse_000565,16,16,0.99943787,0.300000,-1360000.000,1199000.000,-1359000.000,1200000.000,-1376000.000,1184000.000,-1344000.000,1216000.000,EPSG:3979
ab_coarse_000566_r16_c16,ab_coarse_000566,16,16,0.99230725,0.300000,-1328000.000,1199000.000,-1327000.000,1200000.000,-1344000.000,1184000.000,-1312000.000,1216000.000,EPSG:3979
ab_coarse_000567_r16_c16,ab_coarse_000567,16,16,0.99987721,0.300000,-1296000.000,1199000.000,-1295000.000,1200000.000,-1312000.000,1184000.000,-1280000.000,1216000.000,EPSG:3979
ab_coarse_000568_r15_c16,ab_coarse_000568,15,16,0.53629714,0.300000,-1264000.000,1200000.000,-1263000.000,1201000.000,-1280000.000,1184000.000,-1248000.000,1216000.000,EPSG:3979
ab_coarse_000568_r16_c16,ab_coarse_000568,16,16,0.99897325,0.300000,-1264000.000,1199000.000,-1263000.000,1200000.000,-1280000.000,1184000.000,-1248000.000,1216000.000,EPSG:3979
ab_coarse_000569_r16_c16,ab_coarse_000569,16,16,0.99977970,0.300000,-1232000.000,1199000.000,-1231000.000,1200000.000,-1248000.000,1184000.000,-1216000.000,1216000.000,EPSG:3979
ab_coarse_000570_r16_c16,ab_coarse_000570,16,16,0.99969977,0.300000,-1200000.000,1199000.000,-1199000.000,1200000.000,-1216000.000,1184000.000,-1184000.000,1216000.000,EPSG:3979
ab_coarse_000571_r16_c16,ab_coarse_000571,16,16,0.99999821,0.300000,-1168000.000,1199000.000,-1167000.000,1200000.000,-1184000.000,1184000.000,-1152000.000,1216000.000,EPSG:3979
ab_coarse_000572_r16_c16,ab_coarse_000572,16,16,0.99999964,0.300000,-1136000.000,1199000.000,-1135000.000,1200000.000,-1152000.000,1184000.000,-1120000.000,1216000.000,EPSG:3979
ab_coarse_000573_r16_c16,ab_coarse_000573,16,16,0.99999666,0.300000,-1104000.000,1199000.000,-1103000.000,1200000.000,-1120000.000,1184000.000,-1088000.000,1216000.000,EPSG:3979
ab_coarse_000574_r16_c16,ab_coarse_000574,16,16,0.99999905,0.300000,-1072000.000,1199000.000,-1071000.000,1200000.000,-1088000.000,1184000.000,-1056000.000,1216000.000,EPSG:3979
ab_coarse_000575_r16_c16,ab_coarse_000575,16,16,0.99996638,0.300000,-1040000.000,1199000.000,-1039000.000,1200000.000,-1056000.000,1184000.000,-1024000.000,1216000.000,EPSG:3979
ab_coarse_000576_r16_c16,ab_coarse_000576,16,16,0.99949360,0.300000,-1008000.000,1199000.000,-1007000.000,1200000.000,-1024000.000,1184000.000,-992000.000,1216000.000,EPSG:3979
ab_coarse_000577_r16_c16,ab_coarse_000577,16,16,0.99971408,0.300000,-976000.000,1199000.000,-975000.000,1200000.000,-992000.000,1184000.000,-960000.000,1216000.000,EPSG:3979
ab_coarse_000578_r16_c16,ab_coarse_000578,16,16,0.99987793,0.300000,-944000.000,1199000.000,-943000.000,1200000.000,-960000.000,1184000.000,-928000.000,1216000.000,EPSG:3979
ab_coarse_000579_r16_c16,ab_coarse_000579,16,16,0.99989879,0.300000,-912000.000,1199000.000,-911000.000,1200000.000,-928000.000,1184000.000,-896000.000,1216000.000,EPSG:3979
ab_coarse_000580_r16_c16,ab_coarse_000580,16,16,0.99971181,0.300000,-880000.000,1199000.000,-879000.000,1200000.000,-896000.000,1184000.000,-864000.000,1216000.000,EPSG:3979
ab_coarse_000584_r16_c16,ab_coarse_000584,16,16,0.94481915,0.300000,-1392000.000,1231000.000,-1391000.000,1232000.000,-1408000.000,1216000.000,-1376000.000,1248000.000,EPSG:3979
ab_coarse_000585_r16_c16,ab_coarse_000585,16,16,0.99883336,0.300000,-1360000.000,1231000.000,-1359000.000,1232000.000,-1376000.000,1216000.000,-1344000.000,1248000.000,EPSG:3979
ab_coarse_000586_r16_c16,ab_coarse_000586,16,16,0.99983370,0.300000,-1328000.000,1231000.000,-1327000.000,1232000.000,-1344000.000,1216000.000,-1312000.000,1248000.000,EPSG:3979
ab_coarse_000587_r16_c16,ab_coarse_000587,16,16,0.99997973,0.300000,-1296000.000,1231000.000,-1295000.000,1232000.000,-1312000.000,1216000.000,-1280000.000,1248000.000,EPSG:3979
ab_coarse_000588_r16_c16,ab_coarse_000588,16,16,0.99991798,0.300000,-1264000.000,1231000.000,-1263000.000,1232000.000,-1280000.000,1216000.000,-1248000.000,1248000.000,EPSG:3979
ab_coarse_000589_r16_c16,ab_coarse_000589,16,16,0.99998963,0.300000,-1232000.000,1231000.000,-1231000.000,1232000.000,-1248000.000,1216000.000,-1216000.000,1248000.000,EPSG:3979
ab_coarse_000590_r16_c16,ab_coarse_000590,16,16,0.99999523,0.300000,-1200000.000,1231000.000,-1199000.000,1232000.000,-1216000.000,1216000.000,-1184000.000,1248000.000,EPSG:3979
ab_coarse_000591_r16_c16,ab_coarse_000591,16,16,0.99999177,0.300000,-1168000.000,1231000.000,-1167000.000,1232000.000,-1184000.000,1216000.000,-1152000.000,1248000.000,EPSG:3979
ab_coarse_000592_r16_c16,ab_coarse_000592,16,16,0.99999774,0.300000,-1136000.000,1231000.000,-1135000.000,1232000.000,-1152000.000,1216000.000,-1120000.000,1248000.000,EPSG:3979
ab_coarse_000593_r16_c16,ab_coarse_000593,16,16,0.99997365,0.300000,-1104000.000,1231000.000,-1103000.000,1232000.000,-1120000.000,1216000.000,-1088000.000,1248000.000,EPSG:3979
ab_coarse_000594_r16_c16,ab_coarse_000594,16,16,0.99999607,0.300000,-1072000.000,1231000.000,-1071000.000,1232000.000,-1088000.000,1216000.000,-1056000.000,1248000.000,EPSG:3979
ab_coarse_000595_r16_c16,ab_coarse_000595,16,16,0.99999535,0.300000,-1040000.000,1231000.000,-1039000.000,1232000.000,-1056000.000,1216000.000,-1024000.000,1248000.000,EPSG:3979
ab_coarse_000596_r16_c16,ab_coarse_000596,16,16,0.99997687,0.300000,-1008000.000,1231000.000,-1007000.000,1232000.000,-1024000.000,1216000.000,-992000.000,1248000.000,EPSG:3979
ab_coarse_000597_r16_c16,ab_coarse_000597,16,16,0.99988055,0.300000,-976000.000,1231000.000,-975000.000,1232000.000,-992000.000,1216000.000,-960000.000,1248000.000,EPSG:3979
ab_coarse_000598_r16_c16,ab_coarse_000598,16,16,0.99988616,0.300000,-944000.000,1231000.000,-943000.000,1232000.000,-960000.000,1216000.000,-928000.000,1248000.000,EPSG:3979
ab_coarse_000599_r16_c16,ab_coarse_000599,16,16,0.99994648,0.300000,-912000.000,1231000.000,-911000.000,1232000.000,-928000.000,1216000.000,-896000.000,1248000.000,EPSG:3979
ab_coarse_000600_r16_c16,ab_coarse_000600,16,16,0.99987376,0.300000,-880000.000,1231000.000,-879000.000,1232000.000,-896000.000,1216000.000,-864000.000,1248000.000,EPSG:3979
ab_coarse_000601_r16_c16,ab_coarse_000601,16,16,0.99654692,0.300000,-848000.000,1231000.000,-847000.000,1232000.000,-864000.000,1216000.000,-832000.000,1248000.000,EPSG:3979
ab_coarse_000604_r16_c16,ab_coarse_000604,16,16,0.99839336,0.300000,-1392000.000,1263000.000,-1391000.000,1264000.000,-1408000.000,1248000.000,-1376000.000,1280000.000,EPSG:3979
ab_coarse_000605_r16_c16,ab_coarse_000605,16,16,0.99970549,0.300000,-1360000.000,1263000.000,-1359000.000,1264000.000,-1376000.000,1248000.000,-1344000.000,1280000.000,EPSG:3979
ab_coarse_000606_r16_c16,ab_coarse_000606,16,16,0.99938262,0.300000,-1328000.000,1263000.000,-1327000.000,1264000.000,-1344000.000,1248000.000,-1312000.000,1280000.000,EPSG:3979
ab_coarse_000607_r16_c16,ab_coarse_000607,16,16,0.99985301,0.300000,-1296000.000,1263000.000,-1295000.000,1264000.000,-1312000.000,1248000.000,-1280000.000,1280000.000,EPSG:3979
ab_coarse_000608_r16_c16,ab_coarse_000608,16,16,0.99997759,0.300000,-1264000.000,1263000.000,-1263000.000,1264000.000,-1280000.000,1248000.000,-1248000.000,1280000.000,EPSG:3979
ab_coarse_000609_r16_c16,ab_coarse_000609,16,16,0.99999368,0.300000,-1232000.000,1263000.000,-1231000.000,1264000.000,-1248000.000,1248000.000,-1216000.000,1280000.000,EPSG:3979
ab_coarse_000610_r16_c16,ab_coarse_000610,16,16,0.99998617,0.300000,-1200000.000,1263000.000,-1199000.000,1264000.000,-1216000.000,1248000.000,-1184000.000,1280000.000,EPSG:3979
ab_coarse_000611_r16_c16,ab_coarse_000611,16,16,0.99997818,0.300000,-1168000.000,1263000.000,-1167000.000,1264000.000,-1184000.000,1248000.000,-1152000.000,1280000.000,EPSG:3979
ab_coarse_000612_r16_c16,ab_coarse_000612,16,16,0.98474669,0.300000,-1136000.000,1263000.000,-1135000.000,1264000.000,-1152000.000,1248000.000,-1120000.000,1280000.000,EPSG:3979
ab_coarse_000613_r16_c16,ab_coarse_000613,16,16,0.99790001,0.300000,-1104000.000,1263000.000,-1103000.000,1264000.000,-1120000.000,1248000.000,-1088000.000,1280000.000,EPSG:3979
ab_coarse_000614_r16_c16,ab_coarse_000614,16,16,0.96030724,0.300000,-1072000.000,1263000.000,-1071000.000,1264000.000,-1088000.000,1248000.000,-1056000.000,1280000.000,EPSG:3979
ab_coarse_000615_r16_c16,ab_coarse_000615,16,16,0.99958473,0.300000,-1040000.000,1263000.000,-1039000.000,1264000.000,-1056000.000,1248000.000,-1024000.000,1280000.000,EPSG:3979
ab_coarse_000616_r16_c16,ab_coarse_000616,16,16,0.99997258,0.300000,-1008000.000,1263000.000,-1007000.000,1264000.000,-1024000.000,1248000.000,-992000.000,1280000.000,EPSG:3979
ab_coarse_000617_r16_c16,ab_coarse_000617,16,16,0.99990988,0.300000,-976000.000,1263000.000,-975000.000,1264000.000,-992000.000,1248000.000,-960000.000,1280000.000,EPSG:3979
ab_coarse_000618_r16_c16,ab_coarse_000618,16,16,0.99994433,0.300000,-944000.000,1263000.000,-943000.000,1264000.000,-960000.000,1248000.000,-928000.000,1280000.000,EPSG:3979
ab_coarse_000619_r16_c16,ab_coarse_000619,16,16,0.99993122,0.300000,-912000.000,1263000.000,-911000.000,1264000.000,-928000.000,1248000.000,-896000.000,1280000.000,EPSG:3979
ab_coarse_000620_r16_c16,ab_coarse_000620,16,16,0.99986887,0.300000,-880000.000,1263000.000,-879000.000,1264000.000,-896000.000,1248000.000,-864000.000,1280000.000,EPSG:3979
ab_coarse_000621_r16_c16,ab_coarse_000621,16,16,0.99824107,0.300000,-848000.000,1263000.000,-847000.000,1264000.000,-864000.000,1248000.000,-832000.000,1280000.000,EPSG:3979
ab_coarse_000622_r16_c14,ab_coarse_000622,16,14,0.57166016,0.300000,-818000.000,1263000.000,-817000.000,1264000.000,-832000.000,1248000.000,-800000.000,1280000.000,EPSG:3979
ab_coarse_000622_r16_c16,ab_coarse_000622,16,16,0.93827087,0.300000,-816000.000,1263000.000,-815000.000,1264000.000,-832000.000,1248000.000,-800000.000,1280000.000,EPSG:3979
ab_coarse_000623_r16_c16,ab_coarse_000623,16,16,0.99371535,0.300000,-1392000.000,1295000.000,-1391000.000,1296000.000,-1408000.000,1280000.000,-1376000.000,1312000.000,EPSG:3979
ab_coarse_000624_r16_c16,ab_coarse_000624,16,16,0.99984646,0.300000,-1360000.000,1295000.000,-1359000.000,1296000.000,-1376000.000,1280000.000,-1344000.000,1312000.000,EPSG:3979
ab_coarse_000625_r16_c16,ab_coarse_000625,16,16,0.99977034,0.300000,-1328000.000,1295000.000,-1327000.000,1296000.000,-1344000.000,1280000.000,-1312000.000,1312000.000,EPSG:3979
ab_coarse_000626_r16_c16,ab_coarse_000626,16,16,0.99999070,0.300000,-1296000.000,1295000.000,-1295000.000,1296000.000,-1312000.000,1280000.000,-1280000.000,1312000.000,EPSG:3979
ab_coarse_000627_r16_c16,ab_coarse_000627,16,16,0.99997485,0.300000,-1264000.000,1295000.000,-1263000.000,1296000.000,-1280000.000,1280000.000,-1248000.000,1312000.000,EPSG:3979
ab_coarse_000628_r16_c16,ab_coarse_000628,16,16,0.99999356,0.300000,-1232000.000,1295000.000,-1231000.000,1296000.000,-1248000.000,1280000.000,-1216000.000,1312000.000,EPSG:3979
ab_coarse_000629_r16_c16,ab_coarse_000629,16,16,0.99995756,0.300000,-1200000.000,1295000.000,-1199000.000,1296000.000,-1216000.000,1280000.000,-1184000.000,1312000.000,EPSG:3979
ab_coarse_000630_r16_c16,ab_coarse_000630,16,16,0.99691439,0.300000,-1168000.000,1295000.000,-1167000.000,1296000.000,-1184000.000,1280000.000,-1152000.000,1312000.000,EPSG:3979
ab_coarse_000631_r16_c16,ab_coarse_000631,16,16,0.98070943,0.300000,-1136000.000,1295000.000,-1135000.000,1296000.000,-1152000.000,1280000.000,-1120000.000,1312000.000,EPSG:3979
ab_coarse_000632_r16_c16,ab_coarse_000632,16,16,0.94491035,0.300000,-1104000.000,1295000.000,-1103000.000,1296000.000,-1120000.000,1280000.000,-1088000.000,1312000.000,EPSG:3979
ab_coarse_000633_r16_c16,ab_coarse_000633,16,16,0.98164201,0.300000,-1072000.000,1295000.000,-1071000.000,1296000.000,-1088000.000,1280000.000,-1056000.000,1312000.000,EPSG:3979
ab_coarse_000634_r16_c16,ab_coarse_000634,16,16,0.99812967,0.300000,-1040000.000,1295000.000,-1039000.000,1296000.000,-1056000.000,1280000.000,-1024000.000,1312000.000,EPSG:3979
ab_coarse_000635_r16_c16,ab_coarse_000635,16,16,0.99984992,0.300000,-1008000.000,1295000.000,-1007000.000,1296000.000,-1024000.000,1280000.000,-992000.000,1312000.000,EPSG:3979
ab_coarse_000636_r16_c16,ab_coarse_000636,16,16,0.99983466,0.300000,-976000.000,1295000.000,-975000.000,1296000.000,-992000.000,1280000.000,-960000.000,1312000.000,EPSG:3979
ab_coarse_000637_r16_c16,ab_coarse_000637,16,16,0.99994922,0.300000,-944000.000,1295000.000,-943000.000,1296000.000,-960000.000,1280000.000,-928000.000,1312000.000,EPSG:3979
ab_coarse_000638_r16_c16,ab_coarse_000638,16,16,0.99998009,0.300000,-912000.000,1295000.000,-911000.000,1296000.000,-928000.000,1280000.000,-896000.000,1312000.000,EPSG:3979
ab_coarse_000639_r16_c16,ab_coarse_000639,16,16,0.99998534,0.300000,-880000.000,1295000.000,-879000.000,1296000.000,-896000.000,1280000.000,-864000.000,1312000.000,EPSG:3979
ab_coarse_000640_r16_c16,ab_coarse_000640,16,16,0.99985540,0.300000,-848000.000,1295000.000,-847000.000,1296000.000,-864000.000,1280000.000,-832000.000,1312000.000,EPSG:3979
ab_coarse_000641_r16_c16,ab_coarse_000641,16,16,0.99559748,0.300000,-816000.000,1295000.000,-815000.000,1296000.000,-832000.000,1280000.000,-800000.000,1312000.000,EPSG:3979
ab_coarse_000643_r16_c16,ab_coarse_000643,16,16,0.99991572,0.300000,-1360000.000,1327000.000,-1359000.000,1328000.000,-1376000.000,1312000.000,-1344000.000,1344000.000,EPSG:3979
ab_coarse_000644_r16_c16,ab_coarse_000644,16,16,0.99861324,0.300000,-1328000.000,1327000.000,-1327000.000,1328000.000,-1344000.000,1312000.000,-1312000.000,1344000.000,EPSG:3979
ab_coarse_000645_r16_c16,ab_coarse_000645,16,16,0.99929810,0.300000,-1296000.000,1327000.000,-1295000.000,1328000.000,-1312000.000,1312000.000,-1280000.000,1344000.000,EPSG:3979
ab_coarse_000646_r16_c16,ab_coarse_000646,16,16,0.99999690,0.300000,-1264000.000,1327000.000,-1263000.000,1328000.000,-1280000.000,1312000.000,-1248000.000,1344000.000,EPSG:3979
ab_coarse_000647_r16_c16,ab_coarse_000647,16,16,0.99999368,0.300000,-1232000.000,1327000.000,-1231000.000,1328000.000,-1248000.000,1312000.000,-1216000.000,1344000.000,EPSG:3979
ab_coarse_000648_r16_c16,ab_coarse_000648,16,16,0.99999034,0.300000,-1200000.000,1327000.000,-1199000.000,1328000.000,-1216000.000,1312000.000,-1184000.000,1344000.000,EPSG:3979
ab_coarse_000649_r16_c16,ab_coarse_000649,16,16,0.99997127,0.300000,-1168000.000,1327000.000,-1167000.000,1328000.000,-1184000.000,1312000.000,-1152000.000,1344000.000,EPSG:3979
ab_coarse_000650_r16_c16,ab_coarse_000650,16,16,0.98872095,0.300000,-1136000.000,1327000.000,-1135000.000,1328000.000,-1152000.000,1312000.000,-1120000.000,1344000.000,EPSG:3979
ab_coarse_000651_r16_c16,ab_coarse_000651,16,16,0.74103242,0.300000,-1104000.000,1327000.000,-1103000.000,1328000.000,-1120000.000,1312000.000,-1088000.000,1344000.000,EPSG:3979
ab_coarse_000652_r16_c16,ab_coarse_000652,16,16,0.73032421,0.300000,-1072000.000,1327000.000,-1071000.000,1328000.000,-1088000.000,1312000.000,-1056000.000,1344000.000,EPSG:3979
ab_coarse_000653_r16_c16,ab_coarse_000653,16,16,0.98844981,0.300000,-1040000.000,1327000.000,-1039000.000,1328000.000,-1056000.000,1312000.000,-1024000.000,1344000.000,EPSG:3979
ab_coarse_000654_r16_c16,ab_coarse_000654,16,16,0.99986207,0.300000,-1008000.000,1327000.000,-1007000.000,1328000.000,-1024000.000,1312000.000,-992000.000,1344000.000,EPSG:3979
ab_coarse_000655_r16_c16,ab_coarse_000655,16,16,0.99997663,0.300000,-976000.000,1327000.000,-975000.000,1328000.000,-992000.000,1312000.000,-960000.000,1344000.000,EPSG:3979
ab_coarse_000656_r16_c16,ab_coarse_000656,16,16,0.99999893,0.300000,-944000.000,1327000.000,-943000.000,1328000.000,-960000.000,1312000.000,-928000.000,1344000.000,EPSG:3979
ab_coarse_000657_r16_c16,ab_coarse_000657,16,16,0.99939990,0.300000,-912000.000,1327000.000,-911000.000,1328000.000,-928000.000,1312000.000,-896000.000,1344000.000,EPSG:3979
ab_coarse_000660_r16_c16,ab_coarse_000660,16,16,0.99979353,0.300000,-1360000.000,1359000.000,-1359000.000,1360000.000,-1376000.000,1344000.000,-1344000.000,1376000.000,EPSG:3979
ab_coarse_000661_r16_c16,ab_coarse_000661,16,16,0.99991047,0.300000,-1328000.000,1359000.000,-1327000.000,1360000.000,-1344000.000,1344000.000,-1312000.000,1376000.000,EPSG:3979
ab_coarse_000662_r16_c16,ab_coarse_000662,16,16,0.99996758,0.300000,-1296000.000,1359000.000,-1295000.000,1360000.000,-1312000.000,1344000.000,-1280000.000,1376000.000,EPSG:3979
ab_coarse_000663_r16_c16,ab_coarse_000663,16,16,0.99998641,0.300000,-1264000.000,1359000.000,-1263000.000,1360000.000,-1280000.000,1344000.000,-1248000.000,1376000.000,EPSG:3979
ab_coarse_000664_r16_c16,ab_coarse_000664,16,16,0.99997413,0.300000,-1232000.000,1359000.000,-1231000.000,1360000.000,-1248000.000,1344000.000,-1216000.000,1376000.000,EPSG:3979
ab_coarse_000665_r16_c16,ab_coarse_000665,16,16,0.99999392,0.300000,-1200000.000,1359000.000,-1199000.000,1360000.000,-1216000.000,1344000.000,-1184000.000,1376000.000,EPSG:3979
ab_coarse_000666_r16_c16,ab_coarse_000666,16,16,0.99998343,0.300000,-1168000.000,1359000.000,-1167000.000,1360000.000,-1184000.000,1344000.000,-1152000.000,1376000.000,EPSG:3979
ab_coarse_000667_r16_c16,ab_coarse_000667,16,16,0.99999416,0.300000,-1136000.000,1359000.000,-1135000.000,1360000.000,-1152000.000,1344000.000,-1120000.000,1376000.000,EPSG:3979
ab_coarse_000668_r16_c16,ab_coarse_000668,16,16,0.99980366,0.300000,-1104000.000,1359000.000,-1103000.000,1360000.000,-1120000.000,1344000.000,-1088000.000,1376000.000,EPSG:3979
ab_coarse_000669_r16_c16,ab_coarse_000669,16,16,0.98997939,0.300000,-1072000.000,1359000.000,-1071000.000,1360000.000,-1088000.000,1344000.000,-1056000.000,1376000.000,EPSG:3979
ab_coarse_000670_r16_c16,ab_coarse_000670,16,16,0.99038100,0.300000,-1040000.000,1359000.000,-1039000.000,1360000.000,-1056000.000,1344000.000,-1024000.000,1376000.000,EPSG:3979
ab_coarse_000674_r16_c16,ab_coarse_000674,16,16,0.99937057,0.300000,-1328000.000,1391000.000,-1327000.000,1392000.000,-1344000.000,1376000.000,-1312000.000,1408000.000,EPSG:3979
ab_coarse_000675_r16_c16,ab_coarse_000675,16,16,0.99964774,0.300000,-1296000.000,1391000.000,-1295000.000,1392000.000,-1312000.000,1376000.000,-1280000.000,1408000.000,EPSG:3979
ab_coarse_000676_r16_c16,ab_coarse_000676,16,16,0.99579591,0.300000,-1264000.000,1391000.000,-1263000.000,1392000.000,-1280000.000,1376000.000,-1248000.000,1408000.000,EPSG:3979
ab_coarse_000677_r16_c16,ab_coarse_000677,16,16,0.99891770,0.300000,-1232000.000,1391000.000,-1231000.000,1392000.000,-1248000.000,1376000.000,-1216000.000,1408000.000,EPSG:3979
ab_coarse_000678_r16_c16,ab_coarse_000678,16,16,0.99998975,0.300000,-1200000.000,1391000.000,-1199000.000,1392000.000,-1216000.000,1376000.000,-1184000.000,1408000.000,EPSG:3979
ab_coarse_000679_r16_c16,ab_coarse_000679,16,16,0.99997044,0.300000,-1168000.000,1391000.000,-1167000.000,1392000.000,-1184000.000,1376000.000,-1152000.000,1408000.000,EPSG:3979
ab_coarse_000680_r16_c16,ab_coarse_000680,16,16,0.99999654,0.300000,-1136000.000,1391000.000,-1135000.000,1392000.000,-1152000.000,1376000.000,-1120000.000,1408000.000,EPSG:3979
ab_coarse_000684_r16_c16,ab_coarse_000684,16,16,0.99997759,0.300000,-1328000.000,1423000.000,-1327000.000,1424000.000,-1344000.000,1408000.000,-1312000.000,1440000.000,EPSG:3979
ab_coarse_000685_r16_c16,ab_coarse_000685,16,16,0.99813974,0.300000,-1296000.000,1423000.000,-1295000.000,1424000.000,-1312000.000,1408000.000,-1280000.000,1440000.000,EPSG:3979
ab_coarse_000686_r16_c16,ab_coarse_000686,16,16,0.99751151,0.300000,-1264000.000,1423000.000,-1263000.000,1424000.000,-1280000.000,1408000.000,-1248000.000,1440000.000,EPSG:3979
ab_coarse_000687_r16_c16,ab_coarse_000687,16,16,0.99868971,0.300000,-1232000.000,1423000.000,-1231000.000,1424000.000,-1248000.000,1408000.000,-1216000.000,1440000.000,EPSG:3979
ab_coarse_000690_r16_c16,ab_coarse_000690,16,16,0.33593300,0.300000,-1328000.000,1455000.000,-1327000.000,1456000.000,-1344000.000,1440000.000,-1312000.000,1472000.000,EPSG:3979
ab_coarse_000691_r16_c16,ab_coarse_000691,16,16,0.99603420,0.300000,-1296000.000,1455000.000,-1295000.000,1456000.000,-1312000.000,1440000.000,-1280000.000,1472000.000,EPSG:3979
